날짜,시간,외기온도(°C)
2023-01-01,0,-16.48172569687582
2023-01-01,4,-10.509053131237742
2023-01-01,8,-2.624908878709671
2023-01-01,12,-1.9637031765472557
2023-01-01,14,-5.6367019066312585
2023-01-01,18,-12.671494957336662
2023-01-01,20,-16.909161631817497
2023-01-02,0,-16.53279177014438
2023-01-02,4,-9.946764234308459
2023-01-02,8,-2.343373327147484
2023-01-02,12,-2.024602865227667
2023-01-02,14,-5.363087558462479
2023-01-02,18,-13.528128764682013
2023-01-02,20,-15.875657519377215
2023-01-03,0,-15.928176860375201
2023-01-03,4,-9.242559085699291
2023-01-03,8,-1.4136145124498132
2023-01-03,12,-1.9198475800093493
2023-01-03,14,-5.423933905858876
2023-01-03,18,-14.017494807867486
2023-01-03,20,-16.299746373698763
2023-01-04,0,-15.92123709474863
2023-01-04,4,-9.567178130177354
2023-01-04,8,-3.1641275850629818
2023-01-04,12,-2.495771141142765
2023-01-04,14,-4.845894598006493
2023-01-04,18,-11.78798264349791
2023-01-04,20,-16.786914307358924
2023-01-05,0,-15.91051898900462
2023-01-05,4,-9.824721517383045
2023-01-05,8,-1.8201664633619359
2023-01-05,12,-2.597391591327368
2023-01-05,14,-5.329084838744986
2023-01-05,18,-12.014086893723796
2023-01-05,20,-16.728371309378357
2023-01-06,0,-15.286426035498764
2023-01-06,4,-9.225937524426623
2023-01-06,8,-2.4257306679744204
2023-01-06,12,-2.085999571237611
2023-01-06,14,-5.064967744828507
2023-01-06,18,-12.992081940711394
2023-01-06,20,-15.504928959423268
2023-01-07,0,-15.496169859883967
2023-01-07,4,-8.876669484827815
2023-01-07,8,-2.2121586403532723
2023-01-07,12,-1.2659175974294643
2023-01-07,14,-5.24231094549458
2023-01-07,18,-12.08058979526224
2023-01-07,20,-15.749006977565479
2023-01-08,0,-15.498376470055126
2023-01-08,4,-8.1482663449707
2023-01-08,8,-1.7094059786146418
2023-01-08,12,-2.003707052017643
2023-01-08,14,-4.252135873420232
2023-01-08,18,-11.793653747778201
2023-01-08,20,-15.841212605275782
2023-01-09,0,-14.890724290029786
2023-01-09,4,-8.656337377384315
2023-01-09,8,-1.9167493438540186
2023-01-09,12,-1.9564417704669053
2023-01-09,14,-4.232612201158425
2023-01-09,18,-12.245524019388382
2023-01-09,20,-15.92400959054091
2023-01-10,0,-15.486857768959302
2023-01-10,4,-8.581866134916813
2023-01-10,8,-1.305989582385464
2023-01-10,12,-1.4052081353444357
2023-01-10,14,-4.3608571751372605
2023-01-10,18,-13.743505679943196
2023-01-10,20,-15.249199878535752
2023-01-11,0,-14.86190010730348
2023-01-11,4,-7.331152817005453
2023-01-11,8,-0.5307080627768646
2023-01-11,12,-1.2168137358600375
2023-01-11,14,-4.463287569749225
2023-01-11,18,-11.832804734649411
2023-01-11,20,-15.65349804192455
2023-01-12,0,-15.554666532912329
2023-01-12,4,-7.730191291396241
2023-01-12,8,-0.9125440181982082
2023-01-12,12,-1.4358116111606287
2023-01-12,14,-4.920293015800159
2023-01-12,18,-11.258524804251422
2023-01-12,20,-14.823662244524394
2023-01-13,0,-15.312123485631014
2023-01-13,4,-7.894056686123223
2023-01-13,8,-0.8095363242230249
2023-01-13,12,-1.3463744809618856
2023-01-13,14,-4.4267740428608375
2023-01-13,18,-11.897023794862475
2023-01-13,20,-14.630852655229232
2023-01-14,0,-14.086399135639148
2023-01-14,4,-7.978578227093368
2023-01-14,8,-0.7666782666100183
2023-01-14,12,-0.005115722904310949
2023-01-14,14,-4.344129216808587
2023-01-14,18,-11.530243787118478
2023-01-14,20,-14.241287196216243
2023-01-15,0,-13.670516069766741
2023-01-15,4,-6.856813104719963
2023-01-15,8,-0.7900028305676366
2023-01-15,12,-0.15706986447976806
2023-01-15,14,-2.839062196809158
2023-01-15,18,-11.619159743153025
2023-01-15,20,-13.949209088092593
2023-01-16,0,-13.77292284955736
2023-01-16,4,-8.278835545736559
2023-01-16,8,-0.40577245017743485
2023-01-16,12,-0.39182087078813177
2023-01-16,14,-2.6984867864667748
2023-01-16,18,-11.494422471263034
2023-01-16,20,-14.56251292712798
2023-01-17,0,-13.328769784900445
2023-01-17,4,-7.984457963776984
2023-01-17,8,-0.2284012751321872
2023-01-17,12,-0.2678689261061302
2023-01-17,14,-3.5282026372896995
2023-01-17,18,-10.597474438915903
2023-01-17,20,-13.79490443310368
2023-01-18,0,-13.804037372974792
2023-01-18,4,-6.3255376095998725
2023-01-18,8,1.009021895436376
2023-01-18,12,-0.738119729009135
2023-01-18,14,-3.8420567460285238
2023-01-18,18,-10.276813198151597
2023-01-18,20,-13.61333014861991
2023-01-19,0,-13.534919807422824
2023-01-19,4,-7.125188042710115
2023-01-19,8,0.012962623496182824
2023-01-19,12,-0.21767932150017094
2023-01-19,14,-3.345270424074637
2023-01-19,18,-10.236057537359187
2023-01-19,20,-14.40221072180449
2023-01-20,0,-13.283890328902082
2023-01-20,4,-6.396065271381868
2023-01-20,8,0.4946375881704252
2023-01-20,12,0.3144748866697099
2023-01-20,14,-3.0680817192765657
2023-01-20,18,-10.485081073196346
2023-01-20,20,-13.328064915410955
2023-01-21,0,-13.455526696432758
2023-01-21,4,-6.228647563369492
2023-01-21,8,0.6647490112753125
2023-01-21,12,-0.20619308083911858
2023-01-21,14,-1.3219715402189331
2023-01-21,18,-10.197149328403691
2023-01-21,20,-13.884320663403066
2023-01-22,0,-12.900531883711556
2023-01-22,4,-5.942591951460918
2023-01-22,8,0.9791867942935072
2023-01-22,12,1.2544470837802089
2023-01-22,14,-1.7254581279506522
2023-01-22,18,-9.991401797408376
2023-01-22,20,-13.077330637524117
2023-01-23,0,-12.697750111369237
2023-01-23,4,-5.459286049489139
2023-01-23,8,2.1549427393275105
2023-01-23,12,1.5390284856671708
2023-01-23,14,-1.236771488826617
2023-01-23,18,-9.740016733219091
2023-01-23,20,-11.873384557341472
2023-01-24,0,-12.800281998315896
2023-01-24,4,-5.050361185908048
2023-01-24,8,0.47232013395662165
2023-01-24,12,1.0524007583629924
2023-01-24,14,-1.8265394310450547
2023-01-24,18,-8.785523156536046
2023-01-24,20,-12.06831967386467
2023-01-25,0,-12.799179353317598
2023-01-25,4,-4.249175211173062
2023-01-25,8,1.293127140570829
2023-01-25,12,2.4113229525401536
2023-01-25,14,-1.141194704426185
2023-01-25,18,-8.56760774637849
2023-01-25,20,-13.280601892128454
2023-01-26,0,-11.849030662558363
2023-01-26,4,-4.528086095987407
2023-01-26,8,1.7568383947065305
2023-01-26,12,2.1712264339486613
2023-01-26,14,-0.5134524050642936
2023-01-26,18,-8.864282856427973
2023-01-26,20,-12.887425466110868
2023-01-27,0,-11.339432209833038
2023-01-27,4,-5.341081763780701
2023-01-27,8,2.100215537300845
2023-01-27,12,1.8269329931391478
2023-01-27,14,-2.5808743622305212
2023-01-27,18,-9.518244448758148
2023-01-27,20,-11.500355821718387
2023-01-28,0,-11.683217374977614
2023-01-28,4,-4.271497445733597
2023-01-28,8,2.0580978282652205
2023-01-28,12,1.9998150289362175
2023-01-28,14,-0.6195829377447795
2023-01-28,18,-9.283443344914415
2023-01-28,20,-12.07766519892519
2023-01-29,0,-12.32722382452306
2023-01-29,4,-3.953775977484999
2023-01-29,8,3.1444123901107948
2023-01-29,12,1.8325311373302182
2023-01-29,14,-0.10049695865543931
2023-01-29,18,-7.519662066673015
2023-01-29,20,-11.209173580901462
2023-01-30,0,-10.406896504261098
2023-01-30,4,-3.813384817103895
2023-01-30,8,2.5808982305599737
2023-01-30,12,2.5748654344231783
2023-01-30,14,-0.4676232786276616
2023-01-30,18,-6.935358390516716
2023-01-30,20,-10.771663164420676
2023-01-31,0,-9.769135663445873
2023-01-31,4,-4.969263378877704
2023-01-31,8,2.626104302316995
2023-01-31,12,3.298692505871279
2023-01-31,14,-0.2130229023757958
2023-01-31,18,-8.2433951633111
2023-01-31,20,-11.625629629386998
2023-02-01,0,-10.38715525620792
2023-02-01,4,-3.317198875956148
2023-02-01,8,4.333844742065442
2023-02-01,12,3.963536039043316
2023-02-01,14,0.6755740051067779
2023-02-01,18,-7.0368408011866785
2023-02-01,20,-9.833977426612039
2023-02-02,0,-9.96090565363402
2023-02-02,4,-2.955923723492155
2023-02-02,8,3.2280521813714538
2023-02-02,12,3.518503759381976
2023-02-02,14,1.6959894905817494
2023-02-02,18,-7.020663971774431
2023-02-02,20,-9.561569463938003
2023-02-03,0,-9.070612038485098
2023-02-03,4,-2.6173332966949303
2023-02-03,8,4.532918610925879
2023-02-03,12,4.749123309517304
2023-02-03,14,2.0699572844699317
2023-02-03,18,-6.691365412074183
2023-02-03,20,-9.601475152719164
2023-02-04,0,-9.870411340028573
2023-02-04,4,-3.4337362617539164
2023-02-04,8,4.337170733103184
2023-02-04,12,3.8235751869301526
2023-02-04,14,0.9858554073388068
2023-02-04,18,-6.241354997699436
2023-02-04,20,-9.091321439604368
2023-02-05,0,-10.378539195791415
2023-02-05,4,-2.026797987161454
2023-02-05,8,4.911436629805998
2023-02-05,12,4.834669923597615
2023-02-05,14,2.7725407419204195
2023-02-05,18,-5.561122047914728
2023-02-05,20,-9.316420099978547
2023-02-06,0,-8.722774916306756
2023-02-06,4,-2.16445078979793
2023-02-06,8,4.694883322587244
2023-02-06,12,5.0476176566520365
2023-02-06,14,1.4815869239900248
2023-02-06,18,-5.946715458930757
2023-02-06,20,-8.115539737567527
2023-02-07,0,-7.978386627104474
2023-02-07,4,-2.451816316760312
2023-02-07,8,5.4477170099142755
2023-02-07,12,5.4712307795431405
2023-02-07,14,2.320520673970795
2023-02-07,18,-5.326258544118447
2023-02-07,20,-8.907281351905048
2023-02-08,0,-7.9868469820196815
2023-02-08,4,-1.2464104354092889
2023-02-08,8,4.8688611666948365
2023-02-08,12,5.88778053552141
2023-02-08,14,2.4079223735964446
2023-02-08,18,-5.352400181963474
2023-02-08,20,-8.206542876922482
2023-02-09,0,-7.458505284076238
2023-02-09,4,-0.08719836098428846
2023-02-09,8,6.313202360753918
2023-02-09,12,6.269256250727365
2023-02-09,14,3.3366228935608264
2023-02-09,18,-5.747254580657988
2023-02-09,20,-8.406523764576876
2023-02-10,0,-6.957152539160407
2023-02-10,4,-0.9023341419480602
2023-02-10,8,7.441207141441366
2023-02-10,12,6.465484764378193
2023-02-10,14,3.2988021309335505
2023-02-10,18,-3.9440602069770856
2023-02-10,20,-7.680648848189775
2023-02-11,0,-7.341703507877388
2023-02-11,4,0.04099720171639154
2023-02-11,8,6.492018680015915
2023-02-11,12,7.0634064001484775
2023-02-11,14,4.05926798543344
2023-02-11,18,-4.1865106014441995
2023-02-11,20,-7.818360138973093
2023-02-12,0,-7.0735552632139695
2023-02-12,4,-0.3256343956538516
2023-02-12,8,7.167276293093491
2023-02-12,12,7.780470441326825
2023-02-12,14,2.9085121808987955
2023-02-12,18,-4.310296392049623
2023-02-12,20,-6.253415018650934
2023-02-13,0,-6.056615130756437
2023-02-13,4,-0.03444332990609056
2023-02-13,8,8.410694578267394
2023-02-13,12,6.798957715679985
2023-02-13,14,5.0481650314984625
2023-02-13,18,-3.916767683491591
2023-02-13,20,-6.907798221594878
2023-02-14,0,-6.255619584140102
2023-02-14,4,0.786987427552422
2023-02-14,8,7.854256467937655
2023-02-14,12,7.5742986482328565
2023-02-14,14,5.490086405715899
2023-02-14,18,-2.7524798675913
2023-02-14,20,-6.252350984864138
2023-02-15,0,-5.053884570817802
2023-02-15,4,2.079497289074484
2023-02-15,8,8.550562993376984
2023-02-15,12,7.90190645709859
2023-02-15,14,5.836442387319541
2023-02-15,18,-2.9205991507776083
2023-02-15,20,-5.184114476188752
2023-02-16,0,-5.630910992574571
2023-02-16,4,1.675147238906389
2023-02-16,8,7.9003547751062815
2023-02-16,12,9.292950200327867
2023-02-16,14,5.75811408806744
2023-02-16,18,-1.8278124406179055
2023-02-16,20,-5.572391690386282
2023-02-17,0,-4.971662593629534
2023-02-17,4,2.224118189129603
2023-02-17,8,8.723799539404627
2023-02-17,12,8.792256376699862
2023-02-17,14,6.383454118691565
2023-02-17,18,-2.793394415745516
2023-02-17,20,-4.114337302208137
2023-02-18,0,-4.97888454200685
2023-02-18,4,1.4818434385094532
2023-02-18,8,9.743640694103187
2023-02-18,12,9.856293352051631
2023-02-18,14,6.938324582873633
2023-02-18,18,-2.067676631746582
2023-02-18,20,-4.8552527504376615
2023-02-19,0,-4.386877852948056
2023-02-19,4,1.7933599050334927
2023-02-19,8,8.794243207088801
2023-02-19,12,9.229511886142783
2023-02-19,14,6.757425238570007
2023-02-19,18,-1.5208244419547932
2023-02-19,20,-4.162964835872689
2023-02-20,0,-3.4886310080439715
2023-02-20,4,2.9186022510171616
2023-02-20,8,9.392447308502117
2023-02-20,12,9.98897090040758
2023-02-20,14,7.417141896358095
2023-02-20,18,-1.5896641644047402
2023-02-20,20,-3.839289366314478
2023-02-21,0,-3.967659362778942
2023-02-21,4,3.86715413242335
2023-02-21,8,10.02263979721303
2023-02-21,12,10.100658709851324
2023-02-21,14,6.630599444270167
2023-02-21,18,-1.6067879377764882
2023-02-21,20,-3.109255048696821
2023-02-22,0,-3.6016499980901693
2023-02-22,4,3.7498459617324933
2023-02-22,8,11.184524074207848
2023-02-22,12,11.286899469211617
2023-02-22,14,7.008313139251184
2023-02-22,18,-0.632842283458366
2023-02-22,20,-2.6484376237327374
2023-02-23,0,-2.401151403625507
2023-02-23,4,4.042231960448766
2023-02-23,8,10.596050034864904
2023-02-23,12,10.849542193563039
2023-02-23,14,7.841382263896621
2023-02-23,18,-0.2311049117242951
2023-02-23,20,-2.447189233520429
2023-02-24,0,-2.8361138099771934
2023-02-24,4,4.9346027698825585
2023-02-24,8,12.120655942778603
2023-02-24,12,12.189467148026473
2023-02-24,14,8.50618891089875
2023-02-24,18,-0.41580074430955805
2023-02-24,20,-1.9552822147966928
2023-02-25,0,-2.340551451209574
2023-02-25,4,4.27361923409953
2023-02-25,8,12.10978682229607
2023-02-25,12,10.621721065356871
2023-02-25,14,8.748431359867695
2023-02-25,18,1.1325142780222408
2023-02-25,20,-1.9584038431267894
2023-02-26,0,-1.6506128082756852
2023-02-26,4,5.204315351968196
2023-02-26,8,12.571465570913945
2023-02-26,12,12.059847345182233
2023-02-26,14,9.78975180215415
2023-02-26,18,2.0650293288027033
2023-02-26,20,-1.4489742959654242
2023-02-27,0,-1.1808194525882623
2023-02-27,4,5.7004285431465656
2023-02-27,8,12.835235776845291
2023-02-27,12,12.691398319337756
2023-02-27,14,10.083871517717503
2023-02-27,18,1.5187264326663614
2023-02-27,20,-1.6004386871674292
2023-02-28,0,-0.7986565517776313
2023-02-28,4,5.660927933901155
2023-02-28,8,13.464478909699396
2023-02-28,12,12.857771264585864
2023-02-28,14,9.748026384581015
2023-02-28,18,1.7998202195712272
2023-02-28,20,-0.9408603472279475
2023-03-01,0,0.30060056623931064
2023-03-01,4,6.747882968096993
2023-03-01,8,13.367336114662077
2023-03-01,12,12.920085335890297
2023-03-01,14,10.648406620751265
2023-03-01,18,2.4179378908698923
2023-03-01,20,-0.9571756977877948
2023-03-02,0,0.12972756517775907
2023-03-02,4,6.8711343858089435
2023-03-02,8,14.19987202965661
2023-03-02,12,13.262966150149916
2023-03-02,14,10.14242153878053
2023-03-02,18,3.3518891466563554
2023-03-02,20,-0.23514891668968396
2023-03-03,0,1.0910828346871344
2023-03-03,4,7.2610269840105754
2023-03-03,8,13.550599367408012
2023-03-03,12,14.012203264881705
2023-03-03,14,11.230246441988504
2023-03-03,18,3.768193196953775
2023-03-03,20,0.4570302354732774
2023-03-04,0,1.528213952173794
2023-03-04,4,7.873779250869936
2023-03-04,8,14.89834162978243
2023-03-04,12,15.139720899950014
2023-03-04,14,12.271837329759858
2023-03-04,18,4.573150053250725
2023-03-04,20,-0.15926754596141923
2023-03-05,0,1.5272608529534017
2023-03-05,4,8.947111794034438
2023-03-05,8,14.548086745492725
2023-03-05,12,15.004956391966408
2023-03-05,14,11.808369833798785
2023-03-05,18,4.428710025669638
2023-03-05,20,1.2860851279280983
2023-03-06,0,1.0925663205497214
2023-03-06,4,8.363491237987486
2023-03-06,8,15.236136426443966
2023-03-06,12,15.47210700996316
2023-03-06,14,12.042224103769357
2023-03-06,18,4.995865865720563
2023-03-06,20,2.1634909987668953
2023-03-07,0,2.8083520264710384
2023-03-07,4,9.642844424944617
2023-03-07,8,16.444890374842892
2023-03-07,12,15.802927767065071
2023-03-07,14,13.53797097128838
2023-03-07,18,5.512593248165094
2023-03-07,20,1.633383707422946
2023-03-08,0,2.486003667550729
2023-03-08,4,8.860493257377811
2023-03-08,8,16.435678877362964
2023-03-08,12,16.281629314437843
2023-03-08,14,13.631407562797778
2023-03-08,18,4.922957181509677
2023-03-08,20,2.2930104939197395
2023-03-09,0,3.2605467511247834
2023-03-09,4,10.854491603053381
2023-03-09,8,16.94884246825596
2023-03-09,12,17.028125762777332
2023-03-09,14,14.348212878552776
2023-03-09,18,5.268971465928618
2023-03-09,20,2.9432009118358655
2023-03-10,0,2.613976323690183
2023-03-10,4,10.87019838125237
2023-03-10,8,17.176502454367967
2023-03-10,12,16.230835738813553
2023-03-10,14,14.86207814454253
2023-03-10,18,6.176596272312193
2023-03-10,20,3.282972712286209
2023-03-11,0,3.3645374134468318
2023-03-11,4,10.715244863641201
2023-03-11,8,17.610655107650913
2023-03-11,12,17.423131429295502
2023-03-11,14,14.402556043402683
2023-03-11,18,5.781157448467799
2023-03-11,20,4.692616338625382
2023-03-12,0,4.447170867383339
2023-03-12,4,10.494561722110552
2023-03-12,8,18.23445391558483
2023-03-12,12,18.15514077531234
2023-03-12,14,15.451600530115481
2023-03-12,18,6.856686052761838
2023-03-12,20,3.654240925972798
2023-03-13,0,5.669649307180151
2023-03-13,4,11.882928146085604
2023-03-13,8,18.592945221377835
2023-03-13,12,18.17861308749197
2023-03-13,14,15.519606443601996
2023-03-13,18,7.766834142630048
2023-03-13,20,4.536629345372408
2023-03-14,0,5.590053530299351
2023-03-14,4,11.894636896672418
2023-03-14,8,18.253687753077944
2023-03-14,12,18.638075424189335
2023-03-14,14,14.992670872818389
2023-03-14,18,8.05329190961685
2023-03-14,20,4.290604428516659
2023-03-15,0,5.353166227022649
2023-03-15,4,12.876008550738446
2023-03-15,8,18.263726824796535
2023-03-15,12,19.816446415475195
2023-03-15,14,16.41178456868356
2023-03-15,18,8.63031883403302
2023-03-15,20,6.11264794589912
2023-03-16,0,6.048188387069795
2023-03-16,4,13.277796218594249
2023-03-16,8,19.372658033674025
2023-03-16,12,20.01697120212952
2023-03-16,14,16.73454645045057
2023-03-16,18,8.997951065062322
2023-03-16,20,5.842772273368188
2023-03-17,0,6.122187909205341
2023-03-17,4,13.276111289342463
2023-03-17,8,19.952725943500745
2023-03-17,12,20.412139293110947
2023-03-17,14,17.096181742168792
2023-03-17,18,8.60894438562799
2023-03-17,20,5.860748569578092
2023-03-18,0,6.32761258796327
2023-03-18,4,13.707889556255354
2023-03-18,8,20.697705924725874
2023-03-18,12,20.295203372883062
2023-03-18,14,17.292366082682214
2023-03-18,18,9.418255873372477
2023-03-18,20,5.901230697859495
2023-03-19,0,7.499093790979252
2023-03-19,4,14.54032179887406
2023-03-19,8,20.15638466099897
2023-03-19,12,21.8689056031298
2023-03-19,14,19.096239251454296
2023-03-19,18,9.20069022140486
2023-03-19,20,6.360719552156244
2023-03-20,0,6.920910385264652
2023-03-20,4,14.094739789451245
2023-03-20,8,21.467586136801877
2023-03-20,12,21.886135128143838
2023-03-20,14,18.223619627541037
2023-03-20,18,10.699099449268878
2023-03-20,20,7.738541821261837
2023-03-21,0,7.538792239227857
2023-03-21,4,15.42426510024475
2023-03-21,8,21.649858764551706
2023-03-21,12,20.847595307425333
2023-03-21,14,18.649593801849655
2023-03-21,18,11.22281559247035
2023-03-21,20,7.683870703146275
2023-03-22,0,8.942339237246838
2023-03-22,4,15.764395059055197
2023-03-22,8,21.954100548294306
2023-03-22,12,21.69998889234347
2023-03-22,14,18.925358902183866
2023-03-22,18,11.560271386060911
2023-03-22,20,8.882140022128699
2023-03-23,0,8.835136493854074
2023-03-23,4,15.634240814055591
2023-03-23,8,21.5551538862957
2023-03-23,12,22.70490503806548
2023-03-23,14,19.277133386660907
2023-03-23,18,10.840150687667355
2023-03-23,20,8.76986995936008
2023-03-24,0,8.37426900896674
2023-03-24,4,16.283494127275986
2023-03-24,8,23.4373973671207
2023-03-24,12,23.1013760342369
2023-03-24,14,19.829816464956714
2023-03-24,18,11.863314724958473
2023-03-24,20,8.956095140438682
2023-03-25,0,9.799502046672961
2023-03-25,4,17.218036811476228
2023-03-25,8,23.489587213835534
2023-03-25,12,23.178478187682035
2023-03-25,14,21.418775523458216
2023-03-25,18,13.07651092337876
2023-03-25,20,9.515646225404051
2023-03-26,0,10.468704103922304
2023-03-26,4,18.236489106004882
2023-03-26,8,24.07762014278143
2023-03-26,12,24.333675046406636
2023-03-26,14,21.30870950808996
2023-03-26,18,13.286958016323359
2023-03-26,20,10.304329479471901
2023-03-27,0,10.82254145991563
2023-03-27,4,17.387677936980598
2023-03-27,8,23.590015243798426
2023-03-27,12,23.122559263169432
2023-03-27,14,21.301344670113735
2023-03-27,18,13.843372461480337
2023-03-27,20,10.798186028884952
2023-03-28,0,11.404209512897005
2023-03-28,4,17.766594099991437
2023-03-28,8,25.07268245051611
2023-03-28,12,24.361420170275863
2023-03-28,14,22.254301827691513
2023-03-28,18,14.33432410635776
2023-03-28,20,10.968617390164173
2023-03-29,0,11.482052537151423
2023-03-29,4,18.067442162493617
2023-03-29,8,26.334068860812767
2023-03-29,12,25.259186581069287
2023-03-29,14,22.658477798354106
2023-03-29,18,13.669146300415644
2023-03-29,20,11.783547959160313
2023-03-30,0,12.464109019431543
2023-03-30,4,19.319224001427866
2023-03-30,8,26.119353855165098
2023-03-30,12,25.88761218578336
2023-03-30,14,23.00875844983671
2023-03-30,18,14.924126481324736
2023-03-30,20,12.471436898245521
2023-03-31,0,12.340264346741137
2023-03-31,4,18.89586053215187
2023-03-31,8,26.525267492314082
2023-03-31,12,26.846407152924545
2023-03-31,14,22.86411995908519
2023-03-31,18,14.497838253559838
2023-03-31,20,12.363381343869891
2023-04-01,0,12.929909922719567
2023-04-01,4,19.759755084501418
2023-04-01,8,26.526935021517275
2023-04-01,12,25.81576541563197
2023-04-01,14,23.660039600348583
2023-04-01,18,15.770894280836357
2023-04-01,20,12.342788405097904
2023-04-02,0,13.183328229727637
2023-04-02,4,20.623849488910068
2023-04-02,8,27.237391382056472
2023-04-02,12,27.070221391287152
2023-04-02,14,23.182897062337943
2023-04-02,18,15.229424438383285
2023-04-02,20,13.135976652349788
2023-04-03,0,14.422965625477621
2023-04-03,4,20.53140900895674
2023-04-03,8,27.187590208644924
2023-04-03,12,27.22844441048314
2023-04-03,14,25.06190575701022
2023-04-03,18,17.24722648968837
2023-04-03,20,14.172529562713223
2023-04-04,0,14.140491914688347
2023-04-04,4,20.3786422975716
2023-04-04,8,28.34979692941952
2023-04-04,12,27.848837830956917
2023-04-04,14,24.599440584315776
2023-04-04,18,16.46913051563699
2023-04-04,20,13.710998098819571
2023-04-05,0,14.14768886043424
2023-04-05,4,21.81791204987019
2023-04-05,8,27.699281813447172
2023-04-05,12,28.297000878737244
2023-04-05,14,24.99556320185979
2023-04-05,18,16.43375604569227
2023-04-05,20,14.154689818230548
2023-04-06,0,14.268984820586985
2023-04-06,4,21.789089232065503
2023-04-06,8,28.785231773952983
2023-04-06,12,27.695336320775628
2023-04-06,14,26.062399026594385
2023-04-06,18,18.499821960008454
2023-04-06,20,14.053519533043698
2023-04-07,0,15.020467179965172
2023-04-07,4,22.064017043394337
2023-04-07,8,28.8364665663178
2023-04-07,12,30.04977874360072
2023-04-07,14,26.407929849259578
2023-04-07,18,18.0417694081553
2023-04-07,20,15.680226461672593
2023-04-08,0,16.083102031157622
2023-04-08,4,22.724498961568358
2023-04-08,8,30.37959109158228
2023-04-08,12,29.104283567975582
2023-04-08,14,26.440505491333536
2023-04-08,18,18.59377814672059
2023-04-08,20,16.148963809580547
2023-04-09,0,16.098277358350735
2023-04-09,4,22.360290976716893
2023-04-09,8,29.617193022467998
2023-04-09,12,30.45972916059742
2023-04-09,14,27.51659694979875
2023-04-09,18,18.439861823334155
2023-04-09,20,15.92714947303997
2023-04-10,0,16.222011436511348
2023-04-10,4,23.713428218987925
2023-04-10,8,30.155848915948223
2023-04-10,12,30.3355411780385
2023-04-10,14,27.80149983793165
2023-04-10,18,19.492963032891033
2023-04-10,20,16.031903866816428
2023-04-11,0,16.18369623127201
2023-04-11,4,24.228875641020984
2023-04-11,8,31.06568466077481
2023-04-11,12,30.286377623529965
2023-04-11,14,27.446517275188828
2023-04-11,18,20.578706745133868
2023-04-11,20,16.61794609932389
2023-04-12,0,17.738670333787823
2023-04-12,4,23.84050877074042
2023-04-12,8,30.45242627198783
2023-04-12,12,31.164605505523202
2023-04-12,14,27.47146027757449
2023-04-12,18,20.15746143594093
2023-04-12,20,17.37301701183617
2023-04-13,0,17.38440233448948
2023-04-13,4,24.550455774931716
2023-04-13,8,31.995728839869397
2023-04-13,12,31.942409970039925
2023-04-13,14,28.335559379594372
2023-04-13,18,19.7718468713858
2023-04-13,20,17.979490992184004
2023-04-14,0,18.261893395002478
2023-04-14,4,26.02493356522528
2023-04-14,8,31.288398973603737
2023-04-14,12,32.15004482373234
2023-04-14,14,28.306866748762314
2023-04-14,18,21.46922715340199
2023-04-14,20,18.04902704234658
2023-04-15,0,18.573089394972776
2023-04-15,4,26.273275417942482
2023-04-15,8,32.22935130596667
2023-04-15,12,32.14380194292848
2023-04-15,14,29.27231337921528
2023-04-15,18,21.66407848657904
2023-04-15,20,18.283514735752128
2023-04-16,0,18.58772374663107
2023-04-16,4,25.724599297235166
2023-04-16,8,33.04206157750062
2023-04-16,12,32.5558981765471
2023-04-16,14,29.88933213104835
2023-04-16,18,22.088815231577524
2023-04-16,20,19.062129695698413
2023-04-17,0,19.31453109821812
2023-04-17,4,26.035155650790458
2023-04-17,8,33.38575479604335
2023-04-17,12,33.49125659103185
2023-04-17,14,29.653041612302218
2023-04-17,18,22.60127055309538
2023-04-17,20,19.10257559433421
2023-04-18,0,18.81143819980804
2023-04-18,4,26.10848357259967
2023-04-18,8,33.35841875472967
2023-04-18,12,34.319097710397536
2023-04-18,14,30.228686408507574
2023-04-18,18,22.03035571470716
2023-04-18,20,19.900823509010582
2023-04-19,0,20.745808594139593
2023-04-19,4,27.722709112356224
2023-04-19,8,33.78090272083418
2023-04-19,12,33.24893372520719
2023-04-19,14,30.59170535811499
2023-04-19,18,22.734018182490026
2023-04-19,20,19.576431319116505
2023-04-20,0,20.609258144175364
2023-04-20,4,28.63928914079351
2023-04-20,8,33.485727010072445
2023-04-20,12,34.38490220052803
2023-04-20,14,30.956322242380388
2023-04-20,18,22.503865346309304
2023-04-20,20,21.11225782521982
2023-04-21,0,20.660110761396567
2023-04-21,4,27.531866618583926
2023-04-21,8,35.73928640534379
2023-04-21,12,34.32116251073594
2023-04-21,14,32.185346246343904
2023-04-21,18,23.584112944118175
2023-04-21,20,20.768371528529347
2023-04-22,0,21.042954524627586
2023-04-22,4,28.61450260391604
2023-04-22,8,35.59507428764249
2023-04-22,12,35.705796283934994
2023-04-22,14,32.8383993850583
2023-04-22,18,25.19035028556487
2023-04-22,20,20.91438429723473
2023-04-23,0,21.541546963086773
2023-04-23,4,28.64417024512633
2023-04-23,8,35.92046237960226
2023-04-23,12,34.62695737705267
2023-04-23,14,32.37042032893203
2023-04-23,18,24.048695537392597
2023-04-23,20,21.833269213234832
2023-04-24,0,21.54159327894241
2023-04-24,4,29.253778861558583
2023-04-24,8,35.4054116390602
2023-04-24,12,35.80900724323032
2023-04-24,14,32.26506444916892
2023-04-24,18,24.338829617973232
2023-04-24,20,21.83073256514445
2023-04-25,0,23.104569568291463
2023-04-25,4,29.765056482019833
2023-04-25,8,36.66184899671222
2023-04-25,12,36.10735424969128
2023-04-25,14,33.05324283991366
2023-04-25,18,25.716315744610075
2023-04-25,20,22.658195425723267
2023-04-26,0,22.666561961751363
2023-04-26,4,29.549414281909076
2023-04-26,8,37.372426107359125
2023-04-26,12,36.0817666404958
2023-04-26,14,33.83212954695002
2023-04-26,18,25.88676605111466
2023-04-26,20,22.79732038373815
2023-04-27,0,22.526903985195723
2023-04-27,4,30.171048915100855
2023-04-27,8,36.79474185215778
2023-04-27,12,36.864196785121194
2023-04-27,14,34.47811371458111
2023-04-27,18,26.0105181278611
2023-04-27,20,22.80595226756709
2023-04-28,0,23.860284642915207
2023-04-28,4,30.486849290873277
2023-04-28,8,36.24424885178202
2023-04-28,12,37.47064621006153
2023-04-28,14,33.80289380472542
2023-04-28,18,25.80723768575698
2023-04-28,20,22.7639929238525
2023-04-29,0,24.168872034807706
2023-04-29,4,30.69965727665498
2023-04-29,8,38.18679830268278
2023-04-29,12,37.01404592981932
2023-04-29,14,34.703130712149274
2023-04-29,18,26.534175739954847
2023-04-29,20,24.43531822140874
2023-04-30,0,23.478372826167615
2023-04-30,4,31.166951739078492
2023-04-30,8,37.748347120348434
2023-04-30,12,38.1720422936802
2023-04-30,14,34.72434973286028
2023-04-30,18,26.66570675812009
2023-04-30,20,23.61715510727527
2023-05-01,0,24.042752218006164
2023-05-01,4,31.10886216316336
2023-05-01,8,37.68554570162786
2023-05-01,12,37.9414895490169
2023-05-01,14,34.71609350595558
2023-05-01,18,27.654809778906888
2023-05-01,20,23.91704591894953
2023-05-02,0,24.64653058263707
2023-05-02,4,32.303981543210995
2023-05-02,8,38.56744235278543
2023-05-02,12,38.30090385439107
2023-05-02,14,35.95690101148786
2023-05-02,18,26.415551774407064
2023-05-02,20,24.719333746896105
2023-05-03,0,24.354075173521434
2023-05-03,4,30.673622197078924
2023-05-03,8,39.03880786772626
2023-05-03,12,39.624519337143774
2023-05-03,14,36.363255622416254
2023-05-03,18,27.20534139876738
2023-05-03,20,24.702328291099036
2023-05-04,0,25.59006312578713
2023-05-04,4,32.01850508757084
2023-05-04,8,39.601961526538624
2023-05-04,12,39.86407938008549
2023-05-04,14,37.32872102347765
2023-05-04,18,27.7545142416479
2023-05-04,20,24.57373647630582
2023-05-05,0,26.098262173604112
2023-05-05,4,31.90784204846568
2023-05-05,8,39.6377975553911
2023-05-05,12,39.69723171612687
2023-05-05,14,35.67050860880517
2023-05-05,18,28.98776022282437
2023-05-05,20,25.866277056651665
2023-05-06,0,25.03473987347343
2023-05-06,4,32.280625059029894
2023-05-06,8,40.64270730134579
2023-05-06,12,39.748523125558776
2023-05-06,14,37.48561158267399
2023-05-06,18,28.74236116304033
2023-05-06,20,26.119637943226877
2023-05-07,0,25.724817133386175
2023-05-07,4,32.684451286454845
2023-05-07,8,39.42791462469058
2023-05-07,12,40.255575252995314
2023-05-07,14,37.34169994986422
2023-05-07,18,29.16430710825704
2023-05-07,20,26.604781422556467
2023-05-08,0,27.03655042422928
2023-05-08,4,33.873186624557256
2023-05-08,8,40.11678207401528
2023-05-08,12,40.85897554653437
2023-05-08,14,37.769222851959874
2023-05-08,18,28.93618441389975
2023-05-08,20,25.89757435286437
2023-05-09,0,27.12426004243745
2023-05-09,4,33.64805198696847
2023-05-09,8,41.39042704127537
2023-05-09,12,40.57854422033327
2023-05-09,14,37.48274960806681
2023-05-09,18,30.40760173411241
2023-05-09,20,26.089488406941648
2023-05-10,0,27.483633343117813
2023-05-10,4,34.04612407334329
2023-05-10,8,40.183150482604795
2023-05-10,12,40.613115824145616
2023-05-10,14,37.542949238600066
2023-05-10,18,30.17447108403536
2023-05-10,20,27.13081860916012
2023-05-11,0,26.152037673246284
2023-05-11,4,34.51148515901205
2023-05-11,8,41.43664917640135
2023-05-11,12,40.89004055067462
2023-05-11,14,38.083114134830915
2023-05-11,18,30.68166023242015
2023-05-11,20,27.177035421053485
2023-05-12,0,27.007825191229138
2023-05-12,4,34.58658150609579
2023-05-12,8,41.62730123835617
2023-05-12,12,41.248317189661016
2023-05-12,14,38.18314719593631
2023-05-12,18,31.033811345356057
2023-05-12,20,27.153539721315305
2023-05-13,0,27.98496864374441
2023-05-13,4,35.449176697721754
2023-05-13,8,41.40618240902761
2023-05-13,12,40.884919519621384
2023-05-13,14,38.68219625366867
2023-05-13,18,30.495379191199188
2023-05-13,20,27.871520179938027
2023-05-14,0,28.421860233272355
2023-05-14,4,34.53491431320893
2023-05-14,8,41.847725512770445
2023-05-14,12,42.04958580267911
2023-05-14,14,38.81443953872289
2023-05-14,18,31.597728223640836
2023-05-14,20,27.13251418399287
2023-05-15,0,29.19507024710087
2023-05-15,4,36.00734773100593
2023-05-15,8,42.513158760420175
2023-05-15,12,42.10625861919518
2023-05-15,14,39.2596877763795
2023-05-15,18,32.19606254291726
2023-05-15,20,28.76862888016742
2023-05-16,0,29.466584281702346
2023-05-16,4,35.39538462693019
2023-05-16,8,42.14748147337262
2023-05-16,12,42.58217012853567
2023-05-16,14,39.32228459895182
2023-05-16,18,31.84923652380423
2023-05-16,20,27.958917944716855
2023-05-17,0,29.471170037249365
2023-05-17,4,35.74446890175271
2023-05-17,8,43.02405702445815
2023-05-17,12,42.19121506122426
2023-05-17,14,39.38918304566935
2023-05-17,18,31.715142042631246
2023-05-17,20,29.07916568323886
2023-05-18,0,28.668087853247876
2023-05-18,4,36.60760913188386
2023-05-18,8,43.83634122782807
2023-05-18,12,42.782404389756714
2023-05-18,14,40.309558935537616
2023-05-18,18,31.405169709385092
2023-05-18,20,29.12239474667582
2023-05-19,0,29.665448339354775
2023-05-19,4,36.32475360943867
2023-05-19,8,43.20966092021336
2023-05-19,12,43.373984555621576
2023-05-19,14,39.87035076059264
2023-05-19,18,31.290541434746082
2023-05-19,20,29.859019366097
2023-05-20,0,30.6394119481347
2023-05-20,4,36.249831497080386
2023-05-20,8,44.09315735725074
2023-05-20,12,43.604144025214794
2023-05-20,14,39.78761508869511
2023-05-20,18,32.052507403462094
2023-05-20,20,29.344117679566452
2023-05-21,0,30.88572293370124
2023-05-21,4,36.993232294502334
2023-05-21,8,44.228717046921446
2023-05-21,12,43.383206494126725
2023-05-21,14,41.67728514670196
2023-05-21,18,33.15352193591439
2023-05-21,20,30.022211247231358
2023-05-22,0,30.018554963105927
2023-05-22,4,36.984243444294286
2023-05-22,8,43.28538273066238
2023-05-22,12,43.35940324670645
2023-05-22,14,40.74596633985559
2023-05-22,18,33.17955873184961
2023-05-22,20,29.98047233131865
2023-05-23,0,29.92129435219181
2023-05-23,4,36.646425341269556
2023-05-23,8,43.328686752210515
2023-05-23,12,44.06435443883165
2023-05-23,14,41.65311378015727
2023-05-23,18,32.659099927467885
2023-05-23,20,30.395004463136058
2023-05-24,0,29.683469463122382
2023-05-24,4,37.505687437774576
2023-05-24,8,45.25570538392211
2023-05-24,12,45.069889712986864
2023-05-24,14,41.266994552268685
2023-05-24,18,33.97968155045081
2023-05-24,20,29.107125905094698
2023-05-25,0,30.445328075754308
2023-05-25,4,36.040135967056926
2023-05-25,8,43.96890298921853
2023-05-25,12,44.55505077787236
2023-05-25,14,42.08582113374475
2023-05-25,18,34.10611360730103
2023-05-25,20,31.396175489330535
2023-05-26,0,30.988167293360046
2023-05-26,4,37.11066563534298
2023-05-26,8,45.378558918569276
2023-05-26,12,44.14837483493711
2023-05-26,14,41.938874003120986
2023-05-26,18,34.058549415120666
2023-05-26,20,30.85544214749927
2023-05-27,0,30.902032690784406
2023-05-27,4,37.9269810771534
2023-05-27,8,45.013188670233966
2023-05-27,12,45.081423671683716
2023-05-27,14,41.19662003162215
2023-05-27,18,33.18140187442429
2023-05-27,20,31.78606409178118
2023-05-28,0,30.759464405364742
2023-05-28,4,38.10694036907091
2023-05-28,8,45.04730355973026
2023-05-28,12,44.70219622911458
2023-05-28,14,41.468173458976736
2023-05-28,18,34.32806500753141
2023-05-28,20,30.770697670474448
2023-05-29,0,30.97300955115809
2023-05-29,4,37.65327333397806
2023-05-29,8,46.00725919514152
2023-05-29,12,45.72068905506072
2023-05-29,14,42.30164695345687
2023-05-29,18,34.59015648871763
2023-05-29,20,31.37592787783833
2023-05-30,0,30.864759655727582
2023-05-30,4,39.74504133152863
2023-05-30,8,45.29767455334487
2023-05-30,12,45.50759876007748
2023-05-30,14,42.34978340619239
2023-05-30,18,33.50669750476711
2023-05-30,20,30.526242726942748
2023-05-31,0,31.43277010239245
2023-05-31,4,38.39538397574692
2023-05-31,8,44.94809158064024
2023-05-31,12,46.31822984395339
2023-05-31,14,42.44826332680281
2023-05-31,18,33.888447136818016
2023-05-31,20,31.94781229106255
2023-06-01,0,31.204056266244194
2023-06-01,4,38.79207353065044
2023-06-01,8,46.65201545548261
2023-06-01,12,45.51594347929833
2023-06-01,14,43.12952746876426
2023-06-01,18,35.87192687780639
2023-06-01,20,31.497753593328593
2023-06-02,0,31.396657323877832
2023-06-02,4,38.13970496028568
2023-06-02,8,46.28615013507114
2023-06-02,12,46.6109062575123
2023-06-02,14,43.50500185114829
2023-06-02,18,34.79573563811651
2023-06-02,20,32.00807421911313
2023-06-03,0,31.928553818832157
2023-06-03,4,38.968083379167545
2023-06-03,8,46.383323666678685
2023-06-03,12,45.792999837095905
2023-06-03,14,42.70532187361879
2023-06-03,18,34.57411051463901
2023-06-03,20,32.062511339822954
2023-06-04,0,31.45845600556719
2023-06-04,4,39.266585378080855
2023-06-04,8,46.27140127970729
2023-06-04,12,45.095619843473926
2023-06-04,14,42.65675411001975
2023-06-04,18,35.22708341033308
2023-06-04,20,31.994407188486306
2023-06-05,0,31.649634551704168
2023-06-05,4,38.27340031173977
2023-06-05,8,46.49419246811679
2023-06-05,12,46.77518919838705
2023-06-05,14,42.88024302736425
2023-06-05,18,34.48895608910125
2023-06-05,20,32.94072895789818
2023-06-06,0,32.562592015573244
2023-06-06,4,39.20537581494113
2023-06-06,8,45.96062222935128
2023-06-06,12,46.73875247415762
2023-06-06,14,43.24941531830492
2023-06-06,18,35.208145829611915
2023-06-06,20,32.065808421401314
2023-06-07,0,32.16794893894006
2023-06-07,4,39.07259900084453
2023-06-07,8,45.737559662554816
2023-06-07,12,46.6233323868819
2023-06-07,14,43.140297598547235
2023-06-07,18,34.906541681134875
2023-06-07,20,31.842499854407276
2023-06-08,0,32.06566159833846
2023-06-08,4,38.82443158412029
2023-06-08,8,45.609677600943236
2023-06-08,12,46.39379078671658
2023-06-08,14,42.81602169974679
2023-06-08,18,36.11740823052593
2023-06-08,20,31.898978271656837
2023-06-09,0,32.54694695550215
2023-06-09,4,39.64700350011617
2023-06-09,8,46.50485708015197
2023-06-09,12,45.4181618187675
2023-06-09,14,43.00641581154591
2023-06-09,18,35.390388825293954
2023-06-09,20,32.0659050471121
2023-06-10,0,32.86620492790001
2023-06-10,4,39.71461960971301
2023-06-10,8,46.21700034394055
2023-06-10,12,46.70943586961539
2023-06-10,14,42.962187574085526
2023-06-10,18,35.6446123976135
2023-06-10,20,33.080626196706184
2023-06-11,0,32.99467955882594
2023-06-11,4,39.28074277334156
2023-06-11,8,46.940464285820106
2023-06-11,12,47.18547997986492
2023-06-11,14,44.48103833112931
2023-06-11,18,35.84758823422427
2023-06-11,20,32.70940304118423
2023-06-12,0,33.944768600667715
2023-06-12,4,39.31682927312601
2023-06-12,8,46.8959489626616
2023-06-12,12,47.7000762772693
2023-06-12,14,42.961775502697186
2023-06-12,18,35.48142439949523
2023-06-12,20,31.80440471349682
2023-06-13,0,32.90360756893622
2023-06-13,4,38.98913249103425
2023-06-13,8,46.49325797776336
2023-06-13,12,46.58760984286067
2023-06-13,14,43.872276348105544
2023-06-13,18,36.24045913938409
2023-06-13,20,32.41289945551969
2023-06-14,0,32.78703261534001
2023-06-14,4,39.679598784894736
2023-06-14,8,46.659736766570575
2023-06-14,12,45.94253328793742
2023-06-14,14,44.27410947511123
2023-06-14,18,35.733785581728036
2023-06-14,20,32.70910036211414
2023-06-15,0,33.94871573290679
2023-06-15,4,40.29544983638969
2023-06-15,8,47.29214501785063
2023-06-15,12,47.11744488913088
2023-06-15,14,43.63685461519465
2023-06-15,18,35.56507175174186
2023-06-15,20,33.16145855894564
2023-06-16,0,33.0734164107705
2023-06-16,4,39.81223096109613
2023-06-16,8,47.15486157767314
2023-06-16,12,47.24214589638791
2023-06-16,14,44.61148049346147
2023-06-16,18,35.5367805910608
2023-06-16,20,33.10315695812504
2023-06-17,0,33.945270490171204
2023-06-17,4,40.01979578643023
2023-06-17,8,46.05230401388854
2023-06-17,12,45.963835300028315
2023-06-17,14,43.66192880286748
2023-06-17,18,36.18780547280084
2023-06-17,20,33.4612170168127
2023-06-18,0,33.52513684430588
2023-06-18,4,40.039418457726974
2023-06-18,8,46.49413272990118
2023-06-18,12,47.18219037188628
2023-06-18,14,44.369007605458684
2023-06-18,18,35.824176249250726
2023-06-18,20,33.23826739430872
2023-06-19,0,33.64600017835808
2023-06-19,4,39.716938072996335
2023-06-19,8,47.76176904908618
2023-06-19,12,47.41627513515627
2023-06-19,14,44.125981047160906
2023-06-19,18,35.733227288787745
2023-06-19,20,33.648761547863224
2023-06-20,0,33.34203479429182
2023-06-20,4,39.72245750688375
2023-06-20,8,47.030788242446846
2023-06-20,12,46.22124150298947
2023-06-20,14,43.4727666197058
2023-06-20,18,35.75458516368991
2023-06-20,20,33.525308950987245
2023-06-21,0,33.08257760777323
2023-06-21,4,39.922962887717375
2023-06-21,8,46.582473900945935
2023-06-21,12,46.93491454954169
2023-06-21,14,44.23043733667345
2023-06-21,18,35.49255679252192
2023-06-21,20,33.328482590359435
2023-06-22,0,33.028956618000684
2023-06-22,4,41.21099787167805
2023-06-22,8,47.306950222507766
2023-06-22,12,46.716036445087944
2023-06-22,14,44.35380714127102
2023-06-22,18,35.7897887489757
2023-06-22,20,32.83187941836022
2023-06-23,0,32.80695882131658
2023-06-23,4,39.02206122560876
2023-06-23,8,46.97159663155397
2023-06-23,12,46.174135809214945
2023-06-23,14,43.96758583722846
2023-06-23,18,35.491390862790276
2023-06-23,20,32.63527482446409
2023-06-24,0,33.50264399846413
2023-06-24,4,40.377205472542265
2023-06-24,8,45.78164018554079
2023-06-24,12,47.53723949907242
2023-06-24,14,43.42530257844092
2023-06-24,18,35.976647282190235
2023-06-24,20,33.808501036258505
2023-06-25,0,32.709660576908256
2023-06-25,4,39.752214900270374
2023-06-25,8,47.78883438493213
2023-06-25,12,46.33932451146491
2023-06-25,14,43.57226003862093
2023-06-25,18,36.13810988732204
2023-06-25,20,33.11636281281431
2023-06-26,0,32.54518734160185
2023-06-26,4,40.45122103631051
2023-06-26,8,46.59812902475665
2023-06-26,12,46.3787877733903
2023-06-26,14,43.92418985569735
2023-06-26,18,35.02260489029341
2023-06-26,20,31.973300844107413
2023-06-27,0,33.791006938299965
2023-06-27,4,39.46156106614977
2023-06-27,8,46.42752734669148
2023-06-27,12,47.10158605623853
2023-06-27,14,43.698943551398536
2023-06-27,18,36.28477430326195
2023-06-27,20,32.492704379665206
2023-06-28,0,31.782359222479
2023-06-28,4,39.857625475628545
2023-06-28,8,46.60940024565796
2023-06-28,12,45.787014087930686
2023-06-28,14,43.56174145188747
2023-06-28,18,35.45940024884078
2023-06-28,20,33.27174754626759
2023-06-29,0,33.4908137849554
2023-06-29,4,39.418233612746626
2023-06-29,8,46.04226998356785
2023-06-29,12,46.73076877256165
2023-06-29,14,44.68727866310555
2023-06-29,18,36.27654726583291
2023-06-29,20,32.716647847302724
2023-06-30,0,32.77478876030177
2023-06-30,4,39.85681296127649
2023-06-30,8,46.70722322886496
2023-06-30,12,47.413406725442016
2023-06-30,14,42.96725820998709
2023-06-30,18,35.92023416080907
2023-06-30,20,32.132851349445616
2023-07-01,0,32.52133654171627
2023-07-01,4,41.321913928389776
2023-07-01,8,46.7537227783232
2023-07-01,12,46.80158164856013
2023-07-01,14,43.3219873055988
2023-07-01,18,34.53455646882174
2023-07-01,20,33.679512771790066
2023-07-02,0,32.850939685046036
2023-07-02,4,39.29437116103033
2023-07-02,8,46.528185707505045
2023-07-02,12,46.811545870947405
2023-07-02,14,43.13821651471855
2023-07-02,18,35.343882024891236
2023-07-02,20,32.75546630174461
2023-07-03,0,31.58645635796471
2023-07-03,4,38.85164964919236
2023-07-03,8,45.82720521856895
2023-07-03,12,46.97959464763583
2023-07-03,14,43.0154721264904
2023-07-03,18,35.30973812228067
2023-07-03,20,31.885318227408597
2023-07-04,0,32.18109192379877
2023-07-04,4,38.93994835262646
2023-07-04,8,45.233393846923946
2023-07-04,12,46.227095238194806
2023-07-04,14,43.46904374133006
2023-07-04,18,34.32508817559769
2023-07-04,20,33.302224446086996
2023-07-05,0,32.36128708289904
2023-07-05,4,38.683870019233055
2023-07-05,8,46.670614797674624
2023-07-05,12,45.1208507890701
2023-07-05,14,43.85590928545566
2023-07-05,18,35.592563290702415
2023-07-05,20,31.893244849360748
2023-07-06,0,32.2136360204989
2023-07-06,4,39.08945741756385
2023-07-06,8,45.88186938829709
2023-07-06,12,45.737892604666385
2023-07-06,14,42.84442301539424
2023-07-06,18,35.26381040687634
2023-07-06,20,32.404461698969456
2023-07-07,0,32.86214365762979
2023-07-07,4,39.39588766789697
2023-07-07,8,46.01648394752509
2023-07-07,12,46.34881909350848
2023-07-07,14,42.4090102512031
2023-07-07,18,34.71677288411139
2023-07-07,20,32.57918265645018
2023-07-08,0,31.85500264607994
2023-07-08,4,38.64636897452822
2023-07-08,8,45.02825307130838
2023-07-08,12,45.99880253844753
2023-07-08,14,43.36551588030791
2023-07-08,18,35.71539876457942
2023-07-08,20,32.02906666478198
2023-07-09,0,32.46818626629962
2023-07-09,4,39.25404676844678
2023-07-09,8,45.487312533967454
2023-07-09,12,46.01268699024418
2023-07-09,14,42.53372663050312
2023-07-09,18,34.78902545324882
2023-07-09,20,32.22973587265529
2023-07-10,0,31.708684688050123
2023-07-10,4,38.37614187691585
2023-07-10,8,45.13354051456605
2023-07-10,12,45.877254342232575
2023-07-10,14,42.48301943755847
2023-07-10,18,34.808203163850756
2023-07-10,20,30.75471603061948
2023-07-11,0,30.98909962087933
2023-07-11,4,39.07327678401947
2023-07-11,8,44.54804520574617
2023-07-11,12,45.202011323593766
2023-07-11,14,42.4534713225177
2023-07-11,18,33.89236015778851
2023-07-11,20,31.333005825179647
2023-07-12,0,31.2985426975663
2023-07-12,4,38.144543333851495
2023-07-12,8,46.45795935882833
2023-07-12,12,44.885205347494704
2023-07-12,14,42.752197394652725
2023-07-12,18,34.368425974615505
2023-07-12,20,31.226827615811636
2023-07-13,0,31.287392043587985
2023-07-13,4,38.49663911422776
2023-07-13,8,45.76592626847046
2023-07-13,12,43.89979847325892
2023-07-13,14,42.32704413434219
2023-07-13,18,34.41633432580769
2023-07-13,20,31.250045551958358
2023-07-14,0,31.020170937034404
2023-07-14,4,37.99027137840897
2023-07-14,8,44.61369945221943
2023-07-14,12,44.10600729986058
2023-07-14,14,41.9288537328868
2023-07-14,18,32.84614598873391
2023-07-14,20,30.354010558688547
2023-07-15,0,30.826598838033156
2023-07-15,4,38.63801502380615
2023-07-15,8,44.725651584792324
2023-07-15,12,43.53750309715672
2023-07-15,14,41.43681752005258
2023-07-15,18,34.39716282742794
2023-07-15,20,30.395323351692316
2023-07-16,0,30.60746191211725
2023-07-16,4,37.37119898810728
2023-07-16,8,44.65107132125515
2023-07-16,12,44.38486516453997
2023-07-16,14,41.168222456308456
2023-07-16,18,33.39346140993933
2023-07-16,20,31.007105030276993
2023-07-17,0,30.663819699107613
2023-07-17,4,38.25428332844203
2023-07-17,8,43.70027924358125
2023-07-17,12,43.98761376462992
2023-07-17,14,40.99532480024528
2023-07-17,18,32.329071673232946
2023-07-17,20,30.064268085298924
2023-07-18,0,30.020038289196144
2023-07-18,4,36.61140600920295
2023-07-18,8,43.75906003687682
2023-07-18,12,44.864456775573785
2023-07-18,14,41.76948900426209
2023-07-18,18,33.08294064613992
2023-07-18,20,29.86521427307511
2023-07-19,0,30.01653177537147
2023-07-19,4,37.619241530563166
2023-07-19,8,43.84652134476562
2023-07-19,12,43.59432559885416
2023-07-19,14,41.52235783519318
2023-07-19,18,32.44147411770379
2023-07-19,20,29.156292771540514
2023-07-20,0,29.749163045286654
2023-07-20,4,36.020864105417246
2023-07-20,8,44.1223023395482
2023-07-20,12,43.83238473492543
2023-07-20,14,41.28071958132636
2023-07-20,18,33.06129516538973
2023-07-20,20,29.37821678634411
2023-07-21,0,29.433768614336003
2023-07-21,4,36.55130831123123
2023-07-21,8,43.57253613152524
2023-07-21,12,43.29159955042654
2023-07-21,14,39.876381116789055
2023-07-21,18,32.95454768475283
2023-07-21,20,30.095817541789373
2023-07-22,0,29.725677371596895
2023-07-22,4,36.03219446819176
2023-07-22,8,43.30355813936306
2023-07-22,12,43.666760715471966
2023-07-22,14,40.71675060329885
2023-07-22,18,32.60811700074097
2023-07-22,20,30.0032893202971
2023-07-23,0,29.130077238456263
2023-07-23,4,36.539880302892186
2023-07-23,8,42.48033497188974
2023-07-23,12,43.45699128822945
2023-07-23,14,40.071985774949624
2023-07-23,18,31.755219039656534
2023-07-23,20,29.23587668619349
2023-07-24,0,29.371681497551425
2023-07-24,4,35.91875930783475
2023-07-24,8,42.88962248402422
2023-07-24,12,43.03719924915265
2023-07-24,14,40.211045047167815
2023-07-24,18,31.891046347356788
2023-07-24,20,29.97560943745678
2023-07-25,0,28.897595645829085
2023-07-25,4,36.137167112624816
2023-07-25,8,42.44380717105614
2023-07-25,12,42.123459579420796
2023-07-25,14,40.35612534030949
2023-07-25,18,31.269818554026145
2023-07-25,20,28.689823874856863
2023-07-26,0,28.288462080941056
2023-07-26,4,35.64306300594241
2023-07-26,8,41.54120721075361
2023-07-26,12,42.748845806869866
2023-07-26,14,38.97455740407144
2023-07-26,18,31.184869285933836
2023-07-26,20,28.366274006784792
2023-07-27,0,28.77047266337675
2023-07-27,4,35.387249581500285
2023-07-27,8,42.515777432737195
2023-07-27,12,42.5792728411859
2023-07-27,14,39.01134166043685
2023-07-27,18,30.973636301525218
2023-07-27,20,28.297427924180475
2023-07-28,0,28.576404053937868
2023-07-28,4,34.55263549996247
2023-07-28,8,42.074422719497726
2023-07-28,12,41.877063388892715
2023-07-28,14,38.92563022477799
2023-07-28,18,30.075006984571484
2023-07-28,20,27.64519709701041
2023-07-29,0,28.528157492974714
2023-07-29,4,34.32109393752728
2023-07-29,8,41.07682624115162
2023-07-29,12,41.08453805710765
2023-07-29,14,39.52178627694163
2023-07-29,18,31.02680572512945
2023-07-29,20,27.833774288654695
2023-07-30,0,26.937011575210914
2023-07-30,4,34.98287022051273
2023-07-30,8,41.527161205164745
2023-07-30,12,40.6349467052849
2023-07-30,14,38.430153044049995
2023-07-30,18,30.354394381826403
2023-07-30,20,27.612158509096556
2023-07-31,0,27.4071861366883
2023-07-31,4,34.11407232370272
2023-07-31,8,41.12126722008901
2023-07-31,12,41.27798753268138
2023-07-31,14,37.914486235982274
2023-07-31,18,29.919022011708204
2023-07-31,20,26.599040665360555
2023-08-01,0,26.781595274626266
2023-08-01,4,34.20213588803763
2023-08-01,8,40.92459302637592
2023-08-01,12,40.93646224014975
2023-08-01,14,36.874120287684846
2023-08-01,18,29.660196388035803
2023-08-01,20,26.6434863581796
2023-08-02,0,26.489822851191565
2023-08-02,4,33.41658678868152
2023-08-02,8,41.025944219329
2023-08-02,12,39.50269809140565
2023-08-02,14,37.37608441372087
2023-08-02,18,29.092368500786847
2023-08-02,20,26.68377138039432
2023-08-03,0,25.658648743023726
2023-08-03,4,32.8244724309231
2023-08-03,8,40.24690497969546
2023-08-03,12,40.136257901163916
2023-08-03,14,37.62681142322844
2023-08-03,18,29.306477588670226
2023-08-03,20,26.45505061365976
2023-08-04,0,26.49426723630444
2023-08-04,4,32.9562749035342
2023-08-04,8,40.70702012361148
2023-08-04,12,40.09861850893232
2023-08-04,14,36.945226361250946
2023-08-04,18,28.595490770355518
2023-08-04,20,26.507669646471893
2023-08-05,0,26.075972434566978
2023-08-05,4,33.4785896095657
2023-08-05,8,39.49251891406212
2023-08-05,12,39.506049746331534
2023-08-05,14,36.466638683201566
2023-08-05,18,28.12526059534203
2023-08-05,20,25.362085901144194
2023-08-06,0,25.332415734387844
2023-08-06,4,31.8420926521018
2023-08-06,8,40.15916542412679
2023-08-06,12,39.14647070502208
2023-08-06,14,36.123430940054625
2023-08-06,18,28.79950481438777
2023-08-06,20,25.56381552791819
2023-08-07,0,24.98315673321461
2023-08-07,4,32.03181399978227
2023-08-07,8,38.72007258797433
2023-08-07,12,38.87566915713105
2023-08-07,14,36.12994107011092
2023-08-07,18,27.975218634450783
2023-08-07,20,24.33243623465066
2023-08-08,0,24.877332178065032
2023-08-08,4,31.78557015391926
2023-08-08,8,38.67694096105741
2023-08-08,12,38.08133907422739
2023-08-08,14,35.85038010216483
2023-08-08,18,28.515099728823778
2023-08-08,20,23.3672479485102
2023-08-09,0,22.913852981864814
2023-08-09,4,32.02923075559242
2023-08-09,8,38.42247301787155
2023-08-09,12,38.38497401590123
2023-08-09,14,34.99559709080911
2023-08-09,18,27.563093999505494
2023-08-09,20,24.52607003593963
2023-08-10,0,23.7107031058732
2023-08-10,4,30.898771754568934
2023-08-10,8,38.2956486179614
2023-08-10,12,38.66058134722367
2023-08-10,14,35.280394762211294
2023-08-10,18,26.364528649486715
2023-08-10,20,23.228853748390488
2023-08-11,0,23.386448231238454
2023-08-11,4,30.68787470319307
2023-08-11,8,37.7776750725669
2023-08-11,12,37.55511381489084
2023-08-11,14,33.876061968174334
2023-08-11,18,26.876505325574435
2023-08-11,20,23.830406217163986
2023-08-12,0,23.17853607264948
2023-08-12,4,29.855214823103463
2023-08-12,8,37.36947218434384
2023-08-12,12,37.566281377083065
2023-08-12,14,33.9443227356639
2023-08-12,18,25.56387637421708
2023-08-12,20,23.17891061055804
2023-08-13,0,23.27204045318218
2023-08-13,4,29.110038340270858
2023-08-13,8,36.38633326100103
2023-08-13,12,37.16958142950882
2023-08-13,14,33.46270813640302
2023-08-13,18,25.760354129138587
2023-08-13,20,23.11895182741545
2023-08-14,0,22.51890187508752
2023-08-14,4,29.59424604249147
2023-08-14,8,36.92338218042978
2023-08-14,12,36.991794937473806
2023-08-14,14,33.78869877807637
2023-08-14,18,24.7637992607744
2023-08-14,20,23.204830020239207
2023-08-15,0,22.58304438464581
2023-08-15,4,28.97075930258806
2023-08-15,8,36.1609474416918
2023-08-15,12,36.12839235707278
2023-08-15,14,32.99896185810093
2023-08-15,18,24.875395014593963
2023-08-15,20,22.5546073050224
2023-08-16,0,22.54830635199618
2023-08-16,4,28.99499837840496
2023-08-16,8,35.94056742402819
2023-08-16,12,35.77990597330915
2023-08-16,14,32.999959105800826
2023-08-16,18,25.664664152085486
2023-08-16,20,21.11092717319243
2023-08-17,0,22.10167143033793
2023-08-17,4,27.790386443343937
2023-08-17,8,34.98669171699562
2023-08-17,12,35.49513299951705
2023-08-17,14,33.5023717746136
2023-08-17,18,24.825817459092995
2023-08-17,20,21.144354174650005
2023-08-18,0,21.436149700044822
2023-08-18,4,29.122398953884062
2023-08-18,8,35.65461841803128
2023-08-18,12,35.565573628759736
2023-08-18,14,32.09894104034053
2023-08-18,18,23.105426763928115
2023-08-18,20,20.924523669504023
2023-08-19,0,21.87932069537719
2023-08-19,4,27.997623348991613
2023-08-19,8,34.771935079774565
2023-08-19,12,34.392594900096064
2023-08-19,14,33.00369599294105
2023-08-19,18,24.150254865579612
2023-08-19,20,21.35639079646813
2023-08-20,0,20.383271311754285
2023-08-20,4,26.794543085552768
2023-08-20,8,34.55806574344699
2023-08-20,12,34.27511088055749
2023-08-20,14,31.46731865697198
2023-08-20,18,23.486360494539284
2023-08-20,20,20.877432054997527
2023-08-21,0,20.194048638612387
2023-08-21,4,27.504156575059135
2023-08-21,8,33.94145448676894
2023-08-21,12,33.27671517591727
2023-08-21,14,31.014380015170836
2023-08-21,18,22.675093067434936
2023-08-21,20,20.473465684692332
2023-08-22,0,20.30615199713713
2023-08-22,4,26.389201122223213
2023-08-22,8,33.5667590279046
2023-08-22,12,34.040713879716435
2023-08-22,14,30.679457355580507
2023-08-22,18,23.439971202637075
2023-08-22,20,19.255501005219344
2023-08-23,0,19.511575663381226
2023-08-23,4,26.058411735197897
2023-08-23,8,33.59755946446198
2023-08-23,12,33.70272179117687
2023-08-23,14,30.70158139026561
2023-08-23,18,22.441673018640007
2023-08-23,20,19.10477613928137
2023-08-24,0,19.60425843706805
2023-08-24,4,26.27241866730772
2023-08-24,8,32.05513272299345
2023-08-24,12,32.66799144928875
2023-08-24,14,29.000353696581563
2023-08-24,18,23.018629121736247
2023-08-24,20,18.716787342058637
2023-08-25,0,18.94309321861864
2023-08-25,4,25.344376485234253
2023-08-25,8,32.544721612015806
2023-08-25,12,32.25964692372684
2023-08-25,14,28.361053508463367
2023-08-25,18,20.312448929494646
2023-08-25,20,18.62199300524355
2023-08-26,0,18.56857522613672
2023-08-26,4,24.569484834257263
2023-08-26,8,31.844042477710882
2023-08-26,12,31.958547882838467
2023-08-26,14,28.998221242512027
2023-08-26,18,21.556733135787233
2023-08-26,20,18.074603949820105
2023-08-27,0,17.507279464980854
2023-08-27,4,25.22556432396782
2023-08-27,8,32.51142846270873
2023-08-27,12,31.5390026356131
2023-08-27,14,27.90939287715841
2023-08-27,18,21.571630395219053
2023-08-27,20,18.582242449856302
2023-08-28,0,17.639817056597558
2023-08-28,4,23.899722448084066
2023-08-28,8,32.47084934134807
2023-08-28,12,30.521567884822836
2023-08-28,14,28.173337625046557
2023-08-28,18,20.47594205980145
2023-08-28,20,18.123684742214465
2023-08-29,0,16.96006603763211
2023-08-29,4,23.328225972852447
2023-08-29,8,31.227415883415038
2023-08-29,12,31.33572791375665
2023-08-29,14,28.06574103410522
2023-08-29,18,20.118550062758924
2023-08-29,20,16.90451011382364
2023-08-30,0,16.923553239070774
2023-08-30,4,23.700498099708838
2023-08-30,8,30.51130024676387
2023-08-30,12,30.663519458278884
2023-08-30,14,27.687659066228793
2023-08-30,18,19.07437262793926
2023-08-30,20,16.309655883412365
2023-08-31,0,16.3695949965531
2023-08-31,4,21.87117645642943
2023-08-31,8,29.175938198271254
2023-08-31,12,29.747332366167637
2023-08-31,14,27.58905854599088
2023-08-31,18,19.97234053207969
2023-08-31,20,15.677826917088934
2023-09-01,0,15.703926714988146
2023-09-01,4,22.81080118393486
2023-09-01,8,30.705685911008093
2023-09-01,12,29.90638951797184
2023-09-01,14,27.596901416286155
2023-09-01,18,18.716764475974156
2023-09-01,20,16.350182327462367
2023-09-02,0,15.76426377155586
2023-09-02,4,21.672703765836967
2023-09-02,8,29.462505507640387
2023-09-02,12,29.380644282562873
2023-09-02,14,26.07040058746838
2023-09-02,18,17.943921845486177
2023-09-02,20,15.915599099635038
2023-09-03,0,15.174045582277378
2023-09-03,4,22.80158925910051
2023-09-03,8,29.546843654637648
2023-09-03,12,28.941735760510728
2023-09-03,14,26.219004317691763
2023-09-03,18,17.992758931703104
2023-09-03,20,14.745161320549535
2023-09-04,0,15.266643495587791
2023-09-04,4,22.23114452721026
2023-09-04,8,28.986448681838628
2023-09-04,12,28.647243520215078
2023-09-04,14,25.61152483466489
2023-09-04,18,18.72660798305024
2023-09-04,20,14.899525865022563
2023-09-05,0,14.486140723648562
2023-09-05,4,21.064092669998576
2023-09-05,8,28.32122065893823
2023-09-05,12,28.286846311591734
2023-09-05,14,26.063824509194845
2023-09-05,18,17.72682527346571
2023-09-05,20,14.407278629404928
2023-09-06,0,13.757425012889586
2023-09-06,4,21.07198240647653
2023-09-06,8,28.154655629902244
2023-09-06,12,27.352787645521296
2023-09-06,14,25.243447587310442
2023-09-06,18,16.253438114692116
2023-09-06,20,13.771245260174402
2023-09-07,0,14.125673441356827
2023-09-07,4,20.133880588368385
2023-09-07,8,25.987933397685612
2023-09-07,12,28.210937340838754
2023-09-07,14,23.860678430935064
2023-09-07,18,16.166675863314666
2023-09-07,20,12.472784775382847
2023-09-08,0,13.194446802117293
2023-09-08,4,19.309069471463356
2023-09-08,8,27.386639240411267
2023-09-08,12,26.25788971617528
2023-09-08,14,24.227245740905246
2023-09-08,18,15.764191182306904
2023-09-08,20,12.72005483681195
2023-09-09,0,13.157767010636821
2023-09-09,4,19.22458576635538
2023-09-09,8,26.395290475718966
2023-09-09,12,25.463432779730265
2023-09-09,14,23.36883689752578
2023-09-09,18,14.746018323998433
2023-09-09,20,13.356361258805316
2023-09-10,0,12.811048859937095
2023-09-10,4,19.502382818700713
2023-09-10,8,26.47138361507547
2023-09-10,12,25.964819987224868
2023-09-10,14,23.45191364525576
2023-09-10,18,15.388441201210787
2023-09-10,20,11.628842437401476
2023-09-11,0,10.98171831467908
2023-09-11,4,18.005952172602274
2023-09-11,8,25.832377018348012
2023-09-11,12,25.599756079390303
2023-09-11,14,22.34117212643851
2023-09-11,18,14.572756858939606
2023-09-11,20,12.418134919693582
2023-09-12,0,12.270896386845495
2023-09-12,4,17.634650257269275
2023-09-12,8,26.20092491782309
2023-09-12,12,25.361670303808705
2023-09-12,14,22.113319580489474
2023-09-12,18,14.069872206639518
2023-09-12,20,10.801322268713369
2023-09-13,0,10.4809443205721
2023-09-13,4,17.69249903976563
2023-09-13,8,24.48977926208716
2023-09-13,12,24.301772276937818
2023-09-13,14,21.674422391837098
2023-09-13,18,12.120401321566504
2023-09-13,20,11.400282181137305
2023-09-14,0,10.33163028373606
2023-09-14,4,16.367414496754858
2023-09-14,8,24.106192934635107
2023-09-14,12,23.774059730548963
2023-09-14,14,21.836828712138995
2023-09-14,18,13.475720421390628
2023-09-14,20,9.677892626536202
2023-09-15,0,10.089236620479046
2023-09-15,4,16.25560214438076
2023-09-15,8,23.739664555672647
2023-09-15,12,23.20014456605639
2023-09-15,14,21.283559492173705
2023-09-15,18,13.151492452296118
2023-09-15,20,9.865008003379147
2023-09-16,0,9.861936581851628
2023-09-16,4,16.326401510967305
2023-09-16,8,23.448400071859393
2023-09-16,12,22.689400655785583
2023-09-16,14,20.57135998155453
2023-09-16,18,13.350696058349367
2023-09-16,20,9.66596129975497
2023-09-17,0,9.279374227813577
2023-09-17,4,16.031850047745582
2023-09-17,8,22.21792136567969
2023-09-17,12,22.790975025309464
2023-09-17,14,20.67198552505059
2023-09-17,18,11.52114770115048
2023-09-17,20,8.845820393732934
2023-09-18,0,8.43377895310486
2023-09-18,4,15.208196490799892
2023-09-18,8,23.11113054756752
2023-09-18,12,22.506400733123563
2023-09-18,14,19.482068086212006
2023-09-18,18,10.276503110084004
2023-09-18,20,9.201402366985892
2023-09-19,0,7.514500284200436
2023-09-19,4,15.659900579879736
2023-09-19,8,22.677337226628687
2023-09-19,12,21.912787044198172
2023-09-19,14,19.97484991921846
2023-09-19,18,11.471611247241299
2023-09-19,20,7.799296442639161
2023-09-20,0,8.730866143912742
2023-09-20,4,14.535319875216583
2023-09-20,8,21.25728270818027
2023-09-20,12,21.208188837130088
2023-09-20,14,18.915822851121842
2023-09-20,18,10.76567155839132
2023-09-20,20,7.373335541920981
2023-09-21,0,7.007713463816309
2023-09-21,4,15.148800052806836
2023-09-21,8,21.40097187694722
2023-09-21,12,20.912688072813125
2023-09-21,14,17.787076529052197
2023-09-21,18,10.520606338053426
2023-09-21,20,6.966635864670796
2023-09-22,0,6.823332497259179
2023-09-22,4,14.118408679719805
2023-09-22,8,21.09567922887422
2023-09-22,12,20.588123619435866
2023-09-22,14,16.715976562970145
2023-09-22,18,10.431344458439398
2023-09-22,20,7.434190092859971
2023-09-23,0,6.830899284535306
2023-09-23,4,13.586472407242448
2023-09-23,8,21.026522785309083
2023-09-23,12,20.711060186187304
2023-09-23,14,17.35185851500174
2023-09-23,18,9.673175479202957
2023-09-23,20,6.740846069403443
2023-09-24,0,6.721755862405358
2023-09-24,4,13.921537508744963
2023-09-24,8,20.68232097695882
2023-09-24,12,20.70134757681898
2023-09-24,14,17.17389637727063
2023-09-24,18,9.633665869441183
2023-09-24,20,6.008909136724649
2023-09-25,0,4.995781382257665
2023-09-25,4,13.183647896706862
2023-09-25,8,19.51534786562312
2023-09-25,12,20.25594810199252
2023-09-25,14,17.21760979009014
2023-09-25,18,9.886948447392209
2023-09-25,20,5.534357219761383
2023-09-26,0,5.022155531847698
2023-09-26,4,12.244453925321311
2023-09-26,8,18.997846473511895
2023-09-26,12,19.658855364469286
2023-09-26,14,15.710276241732595
2023-09-26,18,8.557382428431715
2023-09-26,20,4.6974743222866575
2023-09-27,0,4.477044890178724
2023-09-27,4,11.746503150669074
2023-09-27,8,18.834951016112772
2023-09-27,12,18.854636301433587
2023-09-27,14,15.702528413853619
2023-09-27,18,7.894370294324737
2023-09-27,20,4.776085461563485
2023-09-28,0,3.4908569717042215
2023-09-28,4,12.584259259121305
2023-09-28,8,17.943250314232053
2023-09-28,12,18.133048923159397
2023-09-28,14,15.339671788961462
2023-09-28,18,7.588922146837838
2023-09-28,20,4.447040800158812
2023-09-29,0,3.496367856916328
2023-09-29,4,10.807324694402457
2023-09-29,8,17.836844166230655
2023-09-29,12,18.07657346419493
2023-09-29,14,14.780878712209617
2023-09-29,18,7.1207419100123985
2023-09-29,20,3.2303424072336595
2023-09-30,0,3.3503703272554293
2023-09-30,4,11.154387631873325
2023-09-30,8,17.389542285123728
2023-09-30,12,16.88329670956969
2023-09-30,14,14.031778087092047
2023-09-30,18,7.302204633994843
2023-09-30,20,3.280642217901737
2023-10-01,0,2.9741728400901417
2023-10-01,4,10.567732026597637
2023-10-01,8,16.650299078191896
2023-10-01,12,16.496624275887847
2023-10-01,14,13.935560704777478
2023-10-01,18,6.025206357841795
2023-10-01,20,2.757006220098861
2023-10-02,0,2.2122770178778466
2023-10-02,4,10.130117494365527
2023-10-02,8,16.31035077439255
2023-10-02,12,16.546572920444245
2023-10-02,14,12.947906542098368
2023-10-02,18,6.087885216019216
2023-10-02,20,2.459282588384353
2023-10-03,0,2.327772322525955
2023-10-03,4,8.581453664113127
2023-10-03,8,16.010849926568035
2023-10-03,12,15.62634145906127
2023-10-03,14,12.962662711925054
2023-10-03,18,5.271860644926551
2023-10-03,20,2.2532829618683676
2023-10-04,0,1.4698348677418527
2023-10-04,4,8.490552376801688
2023-10-04,8,15.27913551207082
2023-10-04,12,16.535518409466672
2023-10-04,14,12.836401336107679
2023-10-04,18,4.624135835325906
2023-10-04,20,1.6710968167836706
2023-10-05,0,2.095898612268369
2023-10-05,4,8.42563617041754
2023-10-05,8,15.263299962193868
2023-10-05,12,15.358685579863824
2023-10-05,14,12.658045516953079
2023-10-05,18,4.365934764959079
2023-10-05,20,0.10642878685057755
2023-10-06,0,1.5458330797091355
2023-10-06,4,8.623894017573575
2023-10-06,8,14.05954376372153
2023-10-06,12,15.032204699487526
2023-10-06,14,12.066222940548492
2023-10-06,18,4.028128599634796
2023-10-06,20,1.1618142226448203
2023-10-07,0,0.1796526974525725
2023-10-07,4,7.373953332029176
2023-10-07,8,13.98037943010351
2023-10-07,12,13.990073695437022
2023-10-07,14,11.457600009098755
2023-10-07,18,3.8926586084032175
2023-10-07,20,0.9707565785125166
2023-10-08,0,0.8583532679012131
2023-10-08,4,7.120728954144861
2023-10-08,8,14.298090639117945
2023-10-08,12,14.704583500800934
2023-10-08,14,11.667934349932505
2023-10-08,18,3.479510760615668
2023-10-08,20,-0.155392375132686
2023-10-09,0,-0.8302928640834156
2023-10-09,4,7.0831494568876545
2023-10-09,8,14.19431421769443
2023-10-09,12,13.517988107868437
2023-10-09,14,10.266550799687769
2023-10-09,18,2.8393309766172616
2023-10-09,20,-1.3595638168618218
2023-10-10,0,-0.5215485020314552
2023-10-10,4,5.908179984014797
2023-10-10,8,13.618797204509145
2023-10-10,12,13.572470048161701
2023-10-10,14,9.155900249513431
2023-10-10,18,2.834291787310451
2023-10-10,20,-1.0265493439152826
2023-10-11,0,-1.8009778383147612
2023-10-11,4,5.759831102642677
2023-10-11,8,12.47107396590476
2023-10-11,12,12.551678824269345
2023-10-11,14,9.684219132008678
2023-10-11,18,1.8244442337567996
2023-10-11,20,-1.3426781602996751
2023-10-12,0,-0.6447535238596284
2023-10-12,4,5.154872248685483
2023-10-12,8,13.200196829144195
2023-10-12,12,13.111106995143166
2023-10-12,14,9.902451726278859
2023-10-12,18,2.383605969410735
2023-10-12,20,-1.9638700604572334
2023-10-13,0,-1.7657027422256402
2023-10-13,4,4.342444600579672
2023-10-13,8,12.269736148294994
2023-10-13,12,12.012509404717239
2023-10-13,14,8.983159447190324
2023-10-13,18,1.2707203024778184
2023-10-13,20,-0.7836078387923173
2023-10-14,0,-1.7076085812151152
2023-10-14,4,4.246347146660958
2023-10-14,8,11.292119503114144
2023-10-14,12,11.529035230675776
2023-10-14,14,8.842316354600241
2023-10-14,18,0.27946567094892794
2023-10-14,20,-2.6687440038652346
2023-10-15,0,-3.7688467949240385
2023-10-15,4,4.357635509925848
2023-10-15,8,11.464592776449088
2023-10-15,12,11.02891028263984
2023-10-15,14,8.6155851634432
2023-10-15,18,-0.005836419238143542
2023-10-15,20,-1.8643488006594686
2023-10-16,0,-2.1995670506081826
2023-10-16,4,3.6916817732053424
2023-10-16,8,10.30286300300209
2023-10-16,12,10.69263515116135
2023-10-16,14,8.314160699781176
2023-10-16,18,-0.6347942598253181
2023-10-16,20,-2.950322109642397
2023-10-17,0,-3.3725067767762478
2023-10-17,4,3.922694130318397
2023-10-17,8,9.091258152063348
2023-10-17,12,11.528402612794563
2023-10-17,14,7.489870184124811
2023-10-17,18,-0.8070521024154733
2023-10-17,20,-3.109574202451635
2023-10-18,0,-3.3028224201318093
2023-10-18,4,4.036372199129185
2023-10-18,8,9.776465025355227
2023-10-18,12,10.881074315472576
2023-10-18,14,6.808535786872545
2023-10-18,18,-1.559901770304815
2023-10-18,20,-4.334331334939309
2023-10-19,0,-5.044716557029778
2023-10-19,4,3.4131013755412978
2023-10-19,8,10.144153873010541
2023-10-19,12,9.796420774381888
2023-10-19,14,7.241134314203393
2023-10-19,18,-2.535919009541531
2023-10-19,20,-3.9621949960578218
2023-10-20,0,-4.735581301467025
2023-10-20,4,1.9321110926996656
2023-10-20,8,8.529399860877293
2023-10-20,12,9.579603689231504
2023-10-20,14,7.291952533340121
2023-10-20,18,-2.2232539440367534
2023-10-20,20,-3.539159228814871
2023-10-21,0,-5.131715923357732
2023-10-21,4,1.8329114716903439
2023-10-21,8,9.187814671298263
2023-10-21,12,9.253000731182835
2023-10-21,14,5.678277897187385
2023-10-21,18,-2.6169386789736437
2023-10-21,20,-4.54899601169908
2023-10-22,0,-4.604027679399453
2023-10-22,4,1.0025499146645833
2023-10-22,8,8.40115396066187
2023-10-22,12,9.102883380084908
2023-10-22,14,5.856395680690483
2023-10-22,18,-2.1918794526272554
2023-10-22,20,-4.94459710497958
2023-10-23,0,-5.045803367241806
2023-10-23,4,2.172429992014349
2023-10-23,8,8.738827174681637
2023-10-23,12,8.962298521669316
2023-10-23,14,5.679364728277859
2023-10-23,18,-3.560799960237051
2023-10-23,20,-5.869576148813044
2023-10-24,0,-5.1410580549765745
2023-10-24,4,2.219037564749448
2023-10-24,8,7.372893872564288
2023-10-24,12,7.374678539717808
2023-10-24,14,5.167277307826182
2023-10-24,18,-3.635013929561581
2023-10-24,20,-6.810646461193361
2023-10-25,0,-6.189475697017075
2023-10-25,4,0.7414931294364596
2023-10-25,8,7.630674587114698
2023-10-25,12,7.655570011965844
2023-10-25,14,3.4187699662293216
2023-10-25,18,-3.2572762202851857
2023-10-25,20,-5.739088227489494
2023-10-26,0,-7.002553156211874
2023-10-26,4,1.262742891967647
2023-10-26,8,7.4682266414272345
2023-10-26,12,6.9891717771741035
2023-10-26,14,4.600302249983039
2023-10-26,18,-3.426387197276616
2023-10-26,20,-7.370877166582986
2023-10-27,0,-6.8407153030406205
2023-10-27,4,-0.38551464379988937
2023-10-27,8,7.88804601415456
2023-10-27,12,7.918457972602061
2023-10-27,14,4.550726372794689
2023-10-27,18,-4.310217285044225
2023-10-27,20,-7.220111508686904
2023-10-28,0,-7.6441139623428604
2023-10-28,4,-0.6987029895460446
2023-10-28,8,7.122970448194192
2023-10-28,12,6.873931517837847
2023-10-28,14,3.2854975850858845
2023-10-28,18,-5.7002737528085285
2023-10-28,20,-6.7988706174066
2023-10-29,0,-7.940975493119979
2023-10-29,4,-0.1755767477851763
2023-10-29,8,5.173127518570965
2023-10-29,12,5.430108868454736
2023-10-29,14,3.419224630897224
2023-10-29,18,-2.9397705577056286
2023-10-29,20,-8.09502854435326
2023-10-30,0,-8.816544650130568
2023-10-30,4,-1.3235051795579054
2023-10-30,8,5.155153655410052
2023-10-30,12,6.0607298041969875
2023-10-30,14,3.2719397066621667
2023-10-30,18,-5.5063476773421645
2023-10-30,20,-8.71078023248357
2023-10-31,0,-7.943280935593387
2023-10-31,4,-1.3404470339089314
2023-10-31,8,5.46030057750551
2023-10-31,12,5.228060769658526
2023-10-31,14,2.8264531779223576
2023-10-31,18,-6.253459098573957
2023-10-31,20,-8.780077295019487
2023-11-01,0,-8.393027601282476
2023-11-01,4,-2.4401226529973425
2023-11-01,8,5.61980275445924
2023-11-01,12,5.549244160994857
2023-11-01,14,2.8600596171244925
2023-11-01,18,-5.764458089904135
2023-11-01,20,-8.65196858950268
2023-11-02,0,-9.400130087444982
2023-11-02,4,-2.232171776638161
2023-11-02,8,4.319456675450993
2023-11-02,12,5.040539521007401
2023-11-02,14,1.8549743268393735
2023-11-02,18,-6.08250927322243
2023-11-02,20,-8.454943955836425
2023-11-03,0,-9.135786560937097
2023-11-03,4,-1.4852037587897144
2023-11-03,8,4.623385391353803
2023-11-03,12,4.525815021022902
2023-11-03,14,1.8526719532085392
2023-11-03,18,-6.163375079083516
2023-11-03,20,-9.451993044245752
2023-11-04,0,-9.830642630447521
2023-11-04,4,-2.2775171355684685
2023-11-04,8,3.571220431797668
2023-11-04,12,3.43339619250337
2023-11-04,14,1.1406292851353868
2023-11-04,18,-6.529299023485238
2023-11-04,20,-8.520416110436283
2023-11-05,0,-10.048928677193619
2023-11-05,4,-3.0020567712203707
2023-11-05,8,3.460836072027155
2023-11-05,12,3.649764694034012
2023-11-05,14,1.0369723305043206
2023-11-05,18,-7.0515917706916476
2023-11-05,20,-9.600330720025022
2023-11-06,0,-9.53637148641344
2023-11-06,4,-2.6424792227921015
2023-11-06,8,3.347266953148625
2023-11-06,12,2.782168349422386
2023-11-06,14,0.4683641576757024
2023-11-06,18,-7.723270851764449
2023-11-06,20,-9.715290733804364
2023-11-07,0,-10.903147039681272
2023-11-07,4,-4.950989890529491
2023-11-07,8,3.6448017152936925
2023-11-07,12,4.202706834195578
2023-11-07,14,0.03004613409069512
2023-11-07,18,-7.98345135608245
2023-11-07,20,-10.411197652465427
2023-11-08,0,-10.677339362774491
2023-11-08,4,-4.0500602299708826
2023-11-08,8,3.302814230722714
2023-11-08,12,2.846122830235177
2023-11-08,14,0.6371769459231487
2023-11-08,18,-7.38599543745048
2023-11-08,20,-11.080318195924935
2023-11-09,0,-10.43443667982681
2023-11-09,4,-3.8794225192216807
2023-11-09,8,2.8542803194550026
2023-11-09,12,3.087897599094747
2023-11-09,14,0.07661202141636994
2023-11-09,18,-8.326522319567658
2023-11-09,20,-10.82545715193965
2023-11-10,0,-11.212727879463095
2023-11-10,4,-4.862061695770558
2023-11-10,8,2.1447087669490035
2023-11-10,12,2.7670015967256183
2023-11-10,14,-1.390912517437156
2023-11-10,18,-8.3307827495644
2023-11-10,20,-12.09784153444805
2023-11-11,0,-12.525836053369428
2023-11-11,4,-4.547518600389814
2023-11-11,8,2.353272402134936
2023-11-11,12,2.357675096866485
2023-11-11,14,-0.6933410951250573
2023-11-11,18,-8.482935705866883
2023-11-11,20,-10.750418857374235
2023-11-12,0,-11.180619993831586
2023-11-12,4,-4.487041022236479
2023-11-12,8,1.8330611636842744
2023-11-12,12,1.5055647874894655
2023-11-12,14,-1.1055312183778625
2023-11-12,18,-9.755447420420154
2023-11-12,20,-11.685785751470478
2023-11-13,0,-12.367873766954274
2023-11-13,4,-5.927844925316292
2023-11-13,8,2.1750860469342705
2023-11-13,12,1.3562429243830993
2023-11-13,14,-0.33079957943841265
2023-11-13,18,-8.980495878317804
2023-11-13,20,-12.546499699829242
2023-11-14,0,-12.525627064760485
2023-11-14,4,-4.8249887556264275
2023-11-14,8,1.8792007842940233
2023-11-14,12,1.1198540382542208
2023-11-14,14,-1.2402315595953954
2023-11-14,18,-8.787175477771637
2023-11-14,20,-11.92614729074427
2023-11-15,0,-12.229060566120086
2023-11-15,4,-6.409760364162665
2023-11-15,8,0.7448036848123527
2023-11-15,12,2.030192338631685
2023-11-15,14,-1.9090945297942172
2023-11-15,18,-9.403278833398389
2023-11-15,20,-12.671912646157514
2023-11-16,0,-12.649133280551679
2023-11-16,4,-5.320089631621718
2023-11-16,8,1.5695906175504741
2023-11-16,12,0.5739708863695993
2023-11-16,14,-1.299074970016569
2023-11-16,18,-9.8181273430524
2023-11-16,20,-12.74961973034993
2023-11-17,0,-13.204758444856411
2023-11-17,4,-6.787515228030111
2023-11-17,8,1.6216789275207992
2023-11-17,12,1.3001242172643965
2023-11-17,14,-1.5040219056080886
2023-11-17,18,-10.616932452376943
2023-11-17,20,-12.845491132188119
2023-11-18,0,-13.180641177050566
2023-11-18,4,-6.600426054421233
2023-11-18,8,0.5901065585596115
2023-11-18,12,0.903345368838663
2023-11-18,14,-1.9815885576462628
2023-11-18,18,-10.135093833306371
2023-11-18,20,-13.595269279328418
2023-11-19,0,-13.837724020242836
2023-11-19,4,-6.7867222911530805
2023-11-19,8,1.2581504299710005
2023-11-19,12,-0.04772584608928976
2023-11-19,14,-2.5512111201507617
2023-11-19,18,-10.741819577293658
2023-11-19,20,-13.571656990010585
2023-11-20,0,-14.404710570643264
2023-11-20,4,-6.334162195134317
2023-11-20,8,-0.4460186650216168
2023-11-20,12,0.5264428214944292
2023-11-20,14,-3.209001298284667
2023-11-20,18,-10.409230143260155
2023-11-20,20,-13.129031461191628
2023-11-21,0,-13.330830276849268
2023-11-21,4,-6.740308893184634
2023-11-21,8,0.18230570918523215
2023-11-21,12,0.2204782671921418
2023-11-21,14,-3.457964654592028
2023-11-21,18,-10.526203719460213
2023-11-21,20,-13.357826452809292
2023-11-22,0,-14.374351002741927
2023-11-22,4,-7.711548090175327
2023-11-22,8,-0.34820945213280946
2023-11-22,12,-0.3531550308005663
2023-11-22,14,-2.7671525019785133
2023-11-22,18,-11.503019667273415
2023-11-22,20,-13.714464484475956
2023-11-23,0,-13.892037917509262
2023-11-23,4,-7.238607936737942
2023-11-23,8,-0.7819229924925464
2023-11-23,12,0.06317573416308375
2023-11-23,14,-3.665973526871153
2023-11-23,18,-11.856674073483115
2023-11-23,20,-14.536379017471182
2023-11-24,0,-14.708139219124014
2023-11-24,4,-7.427572904962894
2023-11-24,8,-0.9310032974482632
2023-11-24,12,-0.7629786270163129
2023-11-24,14,-2.3307409274068434
2023-11-24,18,-12.353494986504415
2023-11-24,20,-14.079207455957517
2023-11-25,0,-15.418544278390812
2023-11-25,4,-7.880982703937372
2023-11-25,8,-0.05279434224080748
2023-11-25,12,-0.37859700630322746
2023-11-25,14,-4.658115566497933
2023-11-25,18,-11.526577323077033
2023-11-25,20,-14.601296823375668
2023-11-26,0,-14.182219475367916
2023-11-26,4,-8.262325179202014
2023-11-26,8,-1.0681930744432746
2023-11-26,12,-1.433227232930509
2023-11-26,14,-3.711350340020085
2023-11-26,18,-12.635018696453935
2023-11-26,20,-13.986017654308869
2023-11-27,0,-15.058223297200637
2023-11-27,4,-8.264361574998427
2023-11-27,8,-0.4051958207251951
2023-11-27,12,-1.4731535817064279
2023-11-27,14,-3.9688015116266913
2023-11-27,18,-12.50073803552136
2023-11-27,20,-15.48286139322288
2023-11-28,0,-15.099117525914519
2023-11-28,4,-7.859706864234823
2023-11-28,8,-1.3858807167580764
2023-11-28,12,-1.3190840572985583
2023-11-28,14,-4.152623961653031
2023-11-28,18,-11.907994696742838
2023-11-28,20,-15.203734658429525
2023-11-29,0,-15.786735353356065
2023-11-29,4,-9.21363679262083
2023-11-29,8,-1.9637470118771452
2023-11-29,12,-0.8646179969220394
2023-11-29,14,-4.427550327152662
2023-11-29,18,-12.958747431655931
2023-11-29,20,-15.246129923536046
2023-11-30,0,-14.868870734617255
2023-11-30,4,-8.87646867051734
2023-11-30,8,-1.5351439609862991
2023-11-30,12,-2.4810973127641827
2023-11-30,14,-4.542205664706711
2023-11-30,18,-12.92676769172431
2023-11-30,20,-15.414033874747188
2023-12-01,0,-15.055114855966425
2023-12-01,4,-9.044490399596794
2023-12-01,8,-1.1804051806997613
2023-12-01,12,-2.1336423238371225
2023-12-01,14,-3.659530756757352
2023-12-01,18,-12.922812740154589
2023-12-01,20,-16.07842733067971
2023-12-02,0,-16.05829564158932
2023-12-02,4,-8.226480536441553
2023-12-02,8,-2.2396329398056602
2023-12-02,12,-1.9934099720240035
2023-12-02,14,-5.401262296425644
2023-12-02,18,-13.025031692155775
2023-12-02,20,-16.63685260540646
2023-12-03,0,-15.948639092950023
2023-12-03,4,-8.970908748782279
2023-12-03,8,-2.5589653846622937
2023-12-03,12,-2.648180252771996
2023-12-03,14,-5.06007756979543
2023-12-03,18,-13.233851107936013
2023-12-03,20,-16.333484672153375
2023-12-04,0,-15.51217953117052
2023-12-04,4,-9.364416323860121
2023-12-04,8,-2.4753435679025513
2023-12-04,12,-2.739540559063192
2023-12-04,14,-5.543861595443735
2023-12-04,18,-13.24396015467628
2023-12-04,20,-15.23364154870391
2023-12-05,0,-15.648817780113827
2023-12-05,4,-9.377510604897296
2023-12-05,8,-2.844487087047807
2023-12-05,12,-2.3553218270244254
2023-12-05,14,-5.923271256466728
2023-12-05,18,-13.168627005606009
2023-12-05,20,-16.028001577464163
2023-12-06,0,-16.362377341783777
2023-12-06,4,-9.458396801896251
2023-12-06,8,-1.8633889764092997
2023-12-06,12,-2.384901796147135
2023-12-06,14,-5.343695448586414
2023-12-06,18,-12.911775322017625
2023-12-06,20,-15.489036893084279
2023-12-07,0,-16.11946079999028
2023-12-07,4,-9.787314090629009
2023-12-07,8,-2.211717163918081
2023-12-07,12,-2.758517801063046
2023-12-07,14,-5.1989273380384144
2023-12-07,18,-12.460916220798612
2023-12-07,20,-15.141073169778997
2023-12-08,0,-16.57823899541609
2023-12-08,4,-10.578269026011965
2023-12-08,8,-2.76603837713315
2023-12-08,12,-2.8378138948892517
2023-12-08,14,-6.196118964337083
2023-12-08,18,-13.79710227039537
2023-12-08,20,-16.753592541314976
2023-12-09,0,-16.64002351524173
2023-12-09,4,-9.422796000792346
2023-12-09,8,-2.6786450405654967
2023-12-09,12,-1.9449481246570763
2023-12-09,14,-4.460267267793691
2023-12-09,18,-13.80075370017315
2023-12-09,20,-16.53382866806728
2023-12-10,0,-15.854271284070974
2023-12-10,4,-9.587580087250455
2023-12-10,8,-2.9643479975632463
2023-12-10,12,-1.9684098866102797
2023-12-10,14,-6.244569974539516
2023-12-10,18,-13.458419762791857
2023-12-10,20,-16.573403819136708
2023-12-11,0,-17.334114808645946
2023-12-11,4,-9.479402373465426
2023-12-11,8,-3.0441503599980004
2023-12-11,12,-2.3525134862145554
2023-12-11,14,-6.30593676534256
2023-12-11,18,-12.813877310562097
2023-12-11,20,-16.717656618412246
2023-12-12,0,-16.997306971321553
2023-12-12,4,-9.473575325758077
2023-12-12,8,-2.8316819402452644
2023-12-12,12,-2.175944233871522
2023-12-12,14,-4.994254472774922
2023-12-12,18,-14.577743147438142
2023-12-12,20,-16.90960308059616
2023-12-13,0,-16.438407157445926
2023-12-13,4,-9.72382411297733
2023-12-13,8,-3.10543374582046
2023-12-13,12,-2.545778509666828
2023-12-13,14,-5.444736574459621
2023-12-13,18,-14.176142587799077
2023-12-13,20,-17.13563417790322
2023-12-14,0,-17.457415457101884
2023-12-14,4,-9.179230580978881
2023-12-14,8,-3.1282771534253095
2023-12-14,12,-2.4800245918813193
2023-12-14,14,-6.646361842144031
2023-12-14,18,-14.14394932855034
2023-12-14,20,-17.05375172207468
2023-12-15,0,-17.336604241157133
2023-12-15,4,-9.723599868016246
2023-12-15,8,-3.174734361932132
2023-12-15,12,-2.4046384000630976
2023-12-15,14,-5.81690987042159
2023-12-15,18,-14.169535051522557
2023-12-15,20,-16.057355336154423
2023-12-16,0,-16.24817177712329
2023-12-16,4,-11.168686989542687
2023-12-16,8,-2.8676033353002537
2023-12-16,12,-2.9405002049318973
2023-12-16,14,-5.772107168164579
2023-12-16,18,-14.441652384166343
2023-12-16,20,-16.32427354692755
2023-12-17,0,-17.045806751225197
2023-12-17,4,-10.840451987711205
2023-12-17,8,-3.1282477767853067
2023-12-17,12,-3.347369463433897
2023-12-17,14,-6.258224585504483
2023-12-17,18,-13.38646299899549
2023-12-17,20,-16.530186919984057
2023-12-18,0,-15.834362269221366
2023-12-18,4,-9.008446119282942
2023-12-18,8,-3.563127571792289
2023-12-18,12,-2.7798077433642026
2023-12-18,14,-5.863249912726902
2023-12-18,18,-14.148259125728682
2023-12-18,20,-16.384719842311284
2023-12-19,0,-17.32106424808893
2023-12-19,4,-10.9777983285432
2023-12-19,8,-3.3749755445952805
2023-12-19,12,-3.7097461285564863
2023-12-19,14,-5.918703754338958
2023-12-19,18,-13.031997735638475
2023-12-19,20,-17.157366215936374
2023-12-20,0,-16.909885156683707
2023-12-20,4,-9.694536432504028
2023-12-20,8,-2.8803339754085515
2023-12-20,12,-3.151237021691848
2023-12-20,14,-5.4833157463594135
2023-12-20,18,-14.276782341407841
2023-12-20,20,-16.279944503268403
2023-12-21,0,-16.988369529625572
2023-12-21,4,-9.63703821782139
2023-12-21,8,-3.3428851061751854
2023-12-21,12,-3.0406150889498993
2023-12-21,14,-6.9833602149544385
2023-12-21,18,-13.98229853032724
2023-12-21,20,-16.934218917728774
2023-12-22,0,-17.291825054923063
2023-12-22,4,-9.302029983294327
2023-12-22,8,-3.2561423286200126
2023-12-22,12,-3.494431407811757
2023-12-22,14,-6.349406294024155
2023-12-22,18,-14.685339110324923
2023-12-22,20,-17.20699290379022
2023-12-23,0,-17.970350818962572
2023-12-23,4,-9.911122725233932
2023-12-23,8,-3.4558808684775095
2023-12-23,12,-3.5708693040623833
2023-12-23,14,-4.687088485413261
2023-12-23,18,-14.048236545631886
2023-12-23,20,-16.44467207343779
2023-12-24,0,-16.158397227890802
2023-12-24,4,-9.235771498659888
2023-12-24,8,-2.3123419476511313
2023-12-24,12,-3.5133090650134866
2023-12-24,14,-5.570356357345248
2023-12-24,18,-14.176358460385789
2023-12-24,20,-16.323764299427875
2023-12-25,0,-17.326455946677527
2023-12-25,4,-10.114714500679087
2023-12-25,8,-2.3812130463645107
2023-12-25,12,-2.6149675725241646
2023-12-25,14,-6.094196243846252
2023-12-25,18,-14.541589345608699
2023-12-25,20,-16.454922329622235
2023-12-26,0,-16.75821878237578
2023-12-26,4,-10.146041813449225
2023-12-26,8,-2.3388354271359875
2023-12-26,12,-3.4584628990835875
2023-12-26,14,-6.403377634571841
2023-12-26,18,-14.150954664935522
2023-12-26,20,-17.77356103436024
2023-12-27,0,-16.93721968386415
2023-12-27,4,-9.755676433707297
2023-12-27,8,-2.653875579460678
2023-12-27,12,-3.150322899957044
2023-12-27,14,-7.140686158219288
2023-12-27,18,-13.694678196669237
2023-12-27,20,-16.54593029098158
2023-12-28,0,-16.922801075444276
2023-12-28,4,-9.495884647463084
2023-12-28,8,-2.2680447967851247
2023-12-28,12,-2.943815783544254
2023-12-28,14,-5.973842182478606
2023-12-28,18,-13.04904388084012
2023-12-28,20,-16.593700416707378
2023-12-29,0,-17.34297904140664
2023-12-29,4,-9.759957714124765
2023-12-29,8,-2.421457846533734
2023-12-29,12,-2.2784826628143158
2023-12-29,14,-4.936304065828161
2023-12-29,18,-13.604667875719807
2023-12-29,20,-16.85006627744188
2023-12-30,0,-16.710741020195567
2023-12-30,4,-9.526880711987102
2023-12-30,8,-2.4314775154736252
2023-12-30,12,-2.838418741590551
2023-12-30,14,-6.081028667277119
2023-12-30,18,-13.588132433157979
2023-12-30,20,-17.346899904409835
2023-12-31,0,-16.864051835254283
2023-12-31,4,-10.067464982532256
2023-12-31,8,-2.520553992764562
2023-12-31,12,-2.4261688824849563
2023-12-31,14,-5.399452472855491
2023-12-31,18,-13.81529919641565
2023-12-31,20,-17.272630779193886
